,Date,oil_price
0,2009-06-29,71.47
1,2009-06-30,69.82
2,2009-07-01,69.32
3,2009-07-02,66.68
4,2009-07-06,64.06
5,2009-07-07,62.88
6,2009-07-08,60.15
7,2009-07-09,60.36
8,2009-07-10,59.93
9,2009-07-13,59.69
10,2009-07-14,59.62
11,2009-07-15,61.49
12,2009-07-16,62.07
13,2009-07-17,63.56
14,2009-07-20,63.93
15,2009-07-21,64.81
16,2009-07-22,64.58
17,2009-07-23,66.1
18,2009-07-24,66.96
19,2009-07-27,68.34
20,2009-07-28,67.24
21,2009-07-29,63.42
22,2009-07-30,66.9
23,2009-07-31,69.26
24,2009-08-03,71.59
25,2009-08-04,71.4
26,2009-08-05,71.97
27,2009-08-06,71.96
28,2009-08-07,70.97
29,2009-08-10,70.59
30,2009-08-11,69.46
31,2009-08-12,70.08
32,2009-08-13,70.57
33,2009-08-14,67.51
34,2009-08-17,66.72
35,2009-08-18,69.22
36,2009-08-19,72.54
37,2009-08-20,72.4
38,2009-08-21,73.12
39,2009-08-24,73.68
40,2009-08-25,71.6
41,2009-08-26,71.38
42,2009-08-27,72.49
43,2009-08-28,72.72
44,2009-08-31,69.97
45,2009-09-01,68.11
46,2009-09-02,68.03
47,2009-09-03,67.9
48,2009-09-04,67.95
49,2009-09-08,71.08
50,2009-09-09,71.27
51,2009-09-10,71.95
52,2009-09-11,69.34
53,2009-09-14,68.86
54,2009-09-15,70.81
55,2009-09-16,72.5
56,2009-09-17,72.48
57,2009-09-18,71.95
58,2009-09-21,69.74
59,2009-09-22,71.5
60,2009-09-23,68.74
61,2009-09-24,65.74
62,2009-09-25,65.91
63,2009-09-28,66.69
64,2009-09-29,66.56
65,2009-09-30,70.46
66,2009-10-01,70.67
67,2009-10-02,69.8
68,2009-10-05,70.26
69,2009-10-06,70.71
70,2009-10-07,69.6
71,2009-10-08,71.69
72,2009-10-09,71.75
73,2009-10-12,73.24
74,2009-10-13,74.1
75,2009-10-14,75.2
76,2009-10-15,77.55
77,2009-10-16,78.54
78,2009-10-19,79.47
79,2009-10-20,78.87
80,2009-10-21,81.03
81,2009-10-22,80.82
82,2009-10-23,80.11
83,2009-10-26,78.61
84,2009-10-27,79.45
85,2009-10-28,77.39
86,2009-10-29,79.84
87,2009-10-30,77.04
88,2009-11-02,78.08
89,2009-11-03,79.58
90,2009-11-04,80.3
91,2009-11-05,79.64
92,2009-11-06,77.4
93,2009-11-09,79.44
94,2009-11-10,79.01
95,2009-11-11,79.16
96,2009-11-12,77.25
97,2009-11-13,76.34
98,2009-11-16,78.91
99,2009-11-17,79.08
100,2009-11-18,79.55
101,2009-11-19,77.47
102,2009-11-20,76.83
103,2009-11-23,76.49
104,2009-11-24,74.88
105,2009-11-25,77.25
106,2009-11-27,75.95
107,2009-11-30,77.19
108,2009-12-01,78.39
109,2009-12-02,76.62
110,2009-12-03,76.42
111,2009-12-04,75.41
112,2009-12-07,73.89
113,2009-12-08,72.59
114,2009-12-09,70.67
115,2009-12-10,70.54
116,2009-12-11,69.86
117,2009-12-14,69.48
118,2009-12-15,70.62
119,2009-12-16,72.64
120,2009-12-17,72.58
121,2009-12-18,73.3
122,2009-12-21,72.71
123,2009-12-22,73.48
124,2009-12-23,76.03
125,2009-12-24,76.83
126,2009-12-28,78.67
127,2009-12-29,78.87
128,2009-12-30,79.35
129,2009-12-31,79.39
130,2010-01-04,81.52
131,2010-01-05,81.74
132,2010-01-06,83.12
133,2010-01-07,82.6
134,2010-01-08,82.74
135,2010-01-11,82.54
136,2010-01-12,80.79
137,2010-01-13,79.66
138,2010-01-14,79.35
139,2010-01-15,77.96
140,2010-01-19,78.98
141,2010-01-20,77.42
142,2010-01-21,75.84
143,2010-01-22,74.25
144,2010-01-25,74.9
145,2010-01-26,74.67
146,2010-01-27,73.64
147,2010-01-28,73.62
148,2010-01-29,72.85
149,2010-02-01,74.41
150,2010-02-02,77.21
151,2010-02-03,76.96
152,2010-02-04,73.13
153,2010-02-05,71.15
154,2010-02-08,71.87
155,2010-02-09,73.71
156,2010-02-10,74.48
157,2010-02-11,75.23
158,2010-02-12,74.11
159,2010-02-16,76.98
160,2010-02-17,77.27
161,2010-02-18,78.97
162,2010-02-19,79.77
163,2010-02-22,80.04
164,2010-02-23,78.61
165,2010-02-24,79.75
166,2010-02-25,77.99
167,2010-02-26,79.72
168,2010-03-01,78.71
169,2010-03-02,79.62
170,2010-03-03,80.91
171,2010-03-04,80.21
172,2010-03-05,81.5
173,2010-03-08,81.85
174,2010-03-09,81.5
175,2010-03-10,82.07
176,2010-03-11,82.1
177,2010-03-12,81.26
178,2010-03-15,79.79
179,2010-03-16,81.75
180,2010-03-17,82.93
181,2010-03-18,82.16
182,2010-03-19,80.58
183,2010-03-22,81.26
184,2010-03-23,81.68
185,2010-03-24,80.29
186,2010-03-25,80.25
187,2010-03-26,79.75
188,2010-03-29,81.92
189,2010-03-30,82.14
190,2010-03-31,83.45
191,2010-04-01,84.53
192,2010-04-05,86.36
193,2010-04-06,86.54
194,2010-04-07,85.64
195,2010-04-08,85.17
196,2010-04-09,84.6
197,2010-04-12,84.07
198,2010-04-13,83.8
199,2010-04-14,85.62
200,2010-04-15,85.25
201,2010-04-16,82.97
202,2010-04-19,81.52
203,2010-04-20,82.98
204,2010-04-21,82.78
205,2010-04-22,82.89
206,2010-04-23,84.34
207,2010-04-26,84.2
208,2010-04-27,82.43
209,2010-04-28,83.22
210,2010-04-29,85.17
211,2010-04-30,86.07
212,2010-05-03,86.19
213,2010-05-04,82.73
214,2010-05-05,80.0
215,2010-05-06,77.18
216,2010-05-07,75.1
217,2010-05-10,76.89
218,2010-05-11,76.37
219,2010-05-12,75.65
220,2010-05-13,74.38
221,2010-05-14,71.61
222,2010-05-17,70.08
223,2010-05-18,69.38
224,2010-05-19,69.91
225,2010-05-20,68.28
226,2010-05-21,68.03
227,2010-05-24,68.23
228,2010-05-25,64.78
229,2010-05-26,71.52
230,2010-05-27,74.56
231,2010-05-28,74.0
232,2010-06-01,72.7
233,2010-06-02,72.88
234,2010-06-03,74.62
235,2010-06-04,71.43
236,2010-06-07,71.55
237,2010-06-08,71.88
238,2010-06-09,74.38
239,2010-06-10,75.48
240,2010-06-11,73.89
241,2010-06-14,74.99
242,2010-06-15,76.84
243,2010-06-16,77.67
244,2010-06-17,76.82
245,2010-06-18,77.18
246,2010-06-21,77.84
247,2010-06-22,77.15
248,2010-06-23,75.9
249,2010-06-24,75.96
250,2010-06-25,78.45
251,2010-06-28,78.26
252,2010-06-29,75.93
253,2010-06-30,75.59
254,2010-07-01,72.95
255,2010-07-02,72.06
256,2010-07-06,71.96
257,2010-07-07,74.05
258,2010-07-08,75.46
259,2010-07-09,76.08
260,2010-07-12,74.93
261,2010-07-13,77.16
262,2010-07-14,77.02
263,2010-07-15,76.67
264,2010-07-16,75.96
265,2010-07-19,76.53
266,2010-07-20,77.32
267,2010-07-21,76.27
268,2010-07-22,79.01
269,2010-07-23,78.68
270,2010-07-26,78.93
271,2010-07-27,77.46
272,2010-07-28,77.06
273,2010-07-29,78.3
274,2010-07-30,78.85
275,2010-08-02,81.25
276,2010-08-03,82.52
277,2010-08-04,82.49
278,2010-08-05,82.0
279,2010-08-06,80.67
280,2010-08-09,81.46
281,2010-08-10,80.24
282,2010-08-11,78.09
283,2010-08-12,75.68
284,2010-08-13,75.39
285,2010-08-16,75.17
286,2010-08-17,75.76
287,2010-08-18,75.39
288,2010-08-19,74.45
289,2010-08-20,73.45
290,2010-08-23,72.71
291,2010-08-24,71.24
292,2010-08-25,72.07
293,2010-08-26,73.36
294,2010-08-27,75.17
295,2010-08-30,74.69
296,2010-08-31,71.93
297,2010-09-01,73.97
298,2010-09-02,74.99
299,2010-09-03,74.52
300,2010-09-07,73.98
301,2010-09-08,74.65
302,2010-09-09,74.25
303,2010-09-10,76.4
304,2010-09-13,77.17
305,2010-09-14,76.78
306,2010-09-15,75.92
307,2010-09-16,74.58
308,2010-09-17,73.63
309,2010-09-20,74.81
310,2010-09-21,72.96
311,2010-09-22,72.98
312,2010-09-23,73.4
313,2010-09-24,74.63
314,2010-09-27,76.51
315,2010-09-28,76.15
316,2010-09-29,77.85
317,2010-09-30,79.95
318,2010-10-01,81.57
319,2010-10-04,81.43
320,2010-10-05,82.83
321,2010-10-06,83.21
322,2010-10-07,81.34
323,2010-10-08,82.66
324,2010-10-11,82.18
325,2010-10-12,81.67
326,2010-10-13,83.03
327,2010-10-14,82.71
328,2010-10-15,81.23
329,2010-10-18,83.06
330,2010-10-19,79.57
331,2010-10-20,81.93
332,2010-10-21,80.03
333,2010-10-22,81.15
334,2010-10-25,82.0
335,2010-10-26,82.6
336,2010-10-27,81.9
337,2010-10-28,82.2
338,2010-10-29,81.45
339,2010-11-01,82.94
340,2010-11-02,83.91
341,2010-11-03,84.45
342,2010-11-04,86.49
343,2010-11-05,86.85
344,2010-11-08,87.07
345,2010-11-09,87.04
346,2010-11-10,87.77
347,2010-11-11,87.77
348,2010-11-12,84.89
349,2010-11-15,84.88
350,2010-11-16,82.33
351,2010-11-17,80.43
352,2010-11-18,81.88
353,2010-11-19,81.65
354,2010-11-22,81.24
355,2010-11-23,80.79
356,2010-11-24,83.21
357,2010-11-26,83.87
358,2010-11-29,85.73
359,2010-11-30,84.12
360,2010-12-01,86.75
361,2010-12-02,87.98
362,2010-12-03,89.18
363,2010-12-06,89.33
364,2010-12-07,88.69
365,2010-12-08,88.3
366,2010-12-09,88.35
367,2010-12-10,87.81
368,2010-12-13,88.62
369,2010-12-14,88.33
370,2010-12-15,88.66
371,2010-12-16,87.71
372,2010-12-17,88.02
373,2010-12-20,88.68
374,2010-12-21,89.3
375,2010-12-22,89.83
376,2010-12-23,90.84
377,2010-12-27,90.99
378,2010-12-28,91.48
379,2010-12-29,91.13
380,2010-12-30,89.85
381,2010-12-31,91.38
382,2011-01-03,91.59
383,2011-01-04,89.39
384,2011-01-05,90.3
385,2011-01-06,88.37
386,2011-01-07,88.07
387,2011-01-10,89.24
388,2011-01-11,91.11
389,2011-01-12,91.85
390,2011-01-13,91.39
391,2011-01-14,91.53
392,2011-01-18,91.38
393,2011-01-19,90.85
394,2011-01-20,88.56
395,2011-01-21,88.22
396,2011-01-24,86.74
397,2011-01-25,85.08
398,2011-01-26,86.15
399,2011-01-27,84.45
400,2011-01-28,88.15
401,2011-01-31,90.99
402,2011-02-01,89.54
403,2011-02-02,89.78
404,2011-02-03,89.42
405,2011-02-04,87.87
406,2011-02-07,86.3
407,2011-02-08,85.85
408,2011-02-09,85.59
409,2011-02-10,85.44
410,2011-02-11,84.39
411,2011-02-14,83.66
412,2011-02-15,83.13
413,2011-02-16,83.8
414,2011-02-17,85.05
415,2011-02-18,85.03
416,2011-02-22,92.65
417,2011-02-23,96.04
418,2011-02-24,95.83
419,2011-02-25,96.52
420,2011-02-28,97.1
421,2011-03-01,99.63
422,2011-03-02,102.27
423,2011-03-03,101.92
424,2011-03-04,104.34
425,2011-03-07,105.37
426,2011-03-08,105.06
427,2011-03-09,104.39
428,2011-03-10,102.73
429,2011-03-11,101.14
430,2011-03-14,101.2
431,2011-03-15,97.23
432,2011-03-16,97.99
433,2011-03-17,101.47
434,2011-03-18,101.06
435,2011-03-21,102.36
436,2011-03-22,104.53
437,2011-03-23,105.21
438,2011-03-24,105.04
439,2011-03-25,104.89
440,2011-03-28,103.54
441,2011-03-29,104.34
442,2011-03-30,103.8
443,2011-03-31,106.19
444,2011-04-01,107.55
445,2011-04-04,108.14
446,2011-04-05,107.82
447,2011-04-06,108.38
448,2011-04-07,109.82
449,2011-04-08,112.27
450,2011-04-11,109.5
451,2011-04-12,105.75
452,2011-04-13,106.6
453,2011-04-14,107.73
454,2011-04-15,109.17
455,2011-04-18,106.7
456,2011-04-19,107.18
457,2011-04-20,110.84
458,2011-04-21,111.72
459,2011-04-25,111.68
460,2011-04-26,111.72
461,2011-04-27,112.31
462,2011-04-28,112.38
463,2011-04-29,113.39
464,2011-05-02,113.03
465,2011-05-03,110.6
466,2011-05-04,108.79
467,2011-05-05,99.89
468,2011-05-06,96.87
469,2011-05-09,100.32
470,2011-05-10,103.39
471,2011-05-11,97.88
472,2011-05-12,98.53
473,2011-05-13,99.21
474,2011-05-16,96.91
475,2011-05-17,96.4
476,2011-05-18,99.52
477,2011-05-19,97.99
478,2011-05-20,99.15
479,2011-05-23,97.06
480,2011-05-24,99.13
481,2011-05-25,100.78
482,2011-05-26,100.18
483,2011-05-27,100.58
484,2011-05-31,102.7
485,2011-06-01,100.3
486,2011-06-02,100.41
487,2011-06-03,100.28
488,2011-06-06,99.07
489,2011-06-07,99.18
490,2011-06-08,100.77
491,2011-06-09,101.95
492,2011-06-10,99.3
493,2011-06-13,97.2
494,2011-06-14,99.37
495,2011-06-15,94.83
496,2011-06-16,94.95
497,2011-06-17,93.02
498,2011-06-20,93.23
499,2011-06-21,93.7
500,2011-06-22,94.96
501,2011-06-23,90.7
502,2011-06-24,90.89
503,2011-06-27,90.65
504,2011-06-28,92.9
505,2011-06-29,94.85
506,2011-06-30,95.3
507,2011-07-01,94.81
508,2011-07-05,96.92
509,2011-07-06,96.67
510,2011-07-07,98.7
511,2011-07-08,96.2
512,2011-07-11,95.16
513,2011-07-12,97.41
514,2011-07-13,98.04
515,2011-07-14,95.75
516,2011-07-15,97.24
517,2011-07-18,95.94
518,2011-07-19,97.49
519,2011-07-20,98.11
520,2011-07-21,98.96
521,2011-07-22,99.53
522,2011-07-25,98.97
523,2011-07-26,99.61
524,2011-07-27,97.4
525,2011-07-28,97.48
526,2011-07-29,95.68
527,2011-08-01,94.98
528,2011-08-02,93.78
529,2011-08-03,91.87
530,2011-08-04,86.75
531,2011-08-05,86.89
532,2011-08-08,81.27
533,2011-08-09,79.32
534,2011-08-10,83.05
535,2011-08-11,85.48
536,2011-08-12,85.19
537,2011-08-15,87.88
538,2011-08-16,86.65
539,2011-08-17,87.58
540,2011-08-18,82.38
541,2011-08-19,82.33
542,2011-08-22,84.42
543,2011-08-23,85.35
544,2011-08-24,84.99
545,2011-08-25,85.15
546,2011-08-26,85.37
547,2011-08-29,87.27
548,2011-08-30,88.9
549,2011-08-31,88.81
550,2011-09-01,88.93
551,2011-09-02,86.45
552,2011-09-06,85.99
553,2011-09-07,89.34
554,2011-09-08,89.05
555,2011-09-09,87.24
556,2011-09-12,88.19
557,2011-09-13,90.21
558,2011-09-14,88.91
559,2011-09-15,89.4
560,2011-09-16,87.96
561,2011-09-19,85.7
562,2011-09-20,86.92
563,2011-09-21,85.77
564,2011-09-22,80.29
565,2011-09-23,79.58
566,2011-09-26,79.97
567,2011-09-27,84.18
568,2011-09-28,80.94
569,2011-09-29,81.87
570,2011-09-30,78.93
571,2011-10-03,77.34
572,2011-10-04,75.4
573,2011-10-05,79.41
574,2011-10-06,82.32
575,2011-10-07,82.7
576,2011-10-10,85.14
577,2011-10-11,85.54
578,2011-10-12,85.3
579,2011-10-13,83.96
580,2011-10-14,86.8
581,2011-10-17,86.38
582,2011-10-18,88.34
583,2011-10-19,86.11
584,2011-10-20,86.07
585,2011-10-21,87.19
586,2011-10-24,91.12
587,2011-10-25,92.98
588,2011-10-26,90.2
589,2011-10-27,93.96
590,2011-10-28,93.32
591,2011-10-31,93.19
592,2011-11-01,92.19
593,2011-11-02,92.51
594,2011-11-03,94.07
595,2011-11-04,94.26
596,2011-11-07,95.52
597,2011-11-08,96.8
598,2011-11-09,95.74
599,2011-11-10,97.78
600,2011-11-11,98.99
601,2011-11-14,98.14
602,2011-11-15,99.37
603,2011-11-16,102.59
604,2011-11-17,98.82
605,2011-11-18,97.67
606,2011-11-21,96.73
607,2011-11-22,97.76
608,2011-11-23,96.16
609,2011-11-25,96.91
610,2011-11-28,98.21
611,2011-11-29,99.79
612,2011-11-30,100.36
613,2011-12-01,100.2
614,2011-12-02,100.97
615,2011-12-05,100.94
616,2011-12-06,101.25
617,2011-12-07,100.45
618,2011-12-08,98.35
619,2011-12-09,99.4
620,2011-12-12,97.77
621,2011-12-13,100.24
622,2011-12-14,94.92
623,2011-12-15,93.84
624,2011-12-16,93.55
625,2011-12-19,93.86
626,2011-12-20,97.16
627,2011-12-21,98.54
628,2011-12-22,99.42
629,2011-12-23,99.72
630,2011-12-27,101.29
631,2011-12-28,99.44
632,2011-12-29,99.68
633,2011-12-30,98.83
634,2012-01-03,102.96
635,2012-01-04,103.22
636,2012-01-05,101.81
637,2012-01-06,101.56
638,2012-01-09,101.31
639,2012-01-10,102.24
640,2012-01-11,100.89
641,2012-01-12,99.03
642,2012-01-13,98.69
643,2012-01-17,100.7
644,2012-01-18,100.61
645,2012-01-19,100.32
646,2012-01-20,98.15
647,2012-01-23,99.47
648,2012-01-24,98.84
649,2012-01-25,99.23
650,2012-01-26,99.76
651,2012-01-27,99.47
652,2012-01-30,98.75
653,2012-01-31,98.46
654,2012-02-01,97.63
655,2012-02-02,96.36
656,2012-02-03,97.8
657,2012-02-06,96.89
658,2012-02-07,98.55
659,2012-02-08,98.8
660,2012-02-09,99.88
661,2012-02-10,98.68
662,2012-02-13,100.39
663,2012-02-14,100.82
664,2012-02-15,101.82
665,2012-02-16,102.33
666,2012-02-17,103.27
667,2012-02-21,105.88
668,2012-02-22,105.99
669,2012-02-23,107.44
670,2012-02-24,109.39
671,2012-02-27,108.49
672,2012-02-28,106.59
673,2012-02-29,107.08
674,2012-03-01,108.76
675,2012-03-02,106.68
676,2012-03-05,106.7
677,2012-03-06,104.71
678,2012-03-07,106.16
679,2012-03-08,106.65
680,2012-03-09,107.4
681,2012-03-12,106.34
682,2012-03-13,106.7
683,2012-03-14,105.49
684,2012-03-15,105.19
685,2012-03-16,107.03
686,2012-03-19,108.09
687,2012-03-20,105.68
688,2012-03-21,106.87
689,2012-03-22,104.98
690,2012-03-23,106.43
691,2012-03-26,107.07
692,2012-03-27,107.32
693,2012-03-28,105.4
694,2012-03-29,102.79
695,2012-03-30,103.03
696,2012-04-02,105.25
697,2012-04-03,104.02
698,2012-04-04,101.53
699,2012-04-05,103.29
700,2012-04-09,102.45
701,2012-04-10,101.12
702,2012-04-11,102.66
703,2012-04-12,103.69
704,2012-04-13,102.84
705,2012-04-16,102.92
706,2012-04-17,104.23
707,2012-04-18,102.65
708,2012-04-19,102.38
709,2012-04-20,103.58
710,2012-04-23,102.68
711,2012-04-24,103.1
712,2012-04-25,103.72
713,2012-04-26,104.56
714,2012-04-27,104.86
715,2012-04-30,104.89
716,2012-05-01,106.17
717,2012-05-02,105.25
718,2012-05-03,102.56
719,2012-05-04,98.49
720,2012-05-07,97.86
721,2012-05-08,97.13
722,2012-05-09,96.8
723,2012-05-10,97.1
724,2012-05-11,96.03
725,2012-05-14,94.75
726,2012-05-15,93.97
727,2012-05-16,92.78
728,2012-05-17,92.53
729,2012-05-18,91.51
730,2012-05-21,92.57
731,2012-05-22,91.44
732,2012-05-23,89.4
733,2012-05-24,90.36
734,2012-05-25,90.64
735,2012-05-29,90.75
736,2012-05-30,87.79
737,2012-05-31,86.52
738,2012-06-01,83.17
739,2012-06-04,83.95
740,2012-06-05,84.31
741,2012-06-06,85.05
742,2012-06-07,84.78
743,2012-06-08,84.08
744,2012-06-11,82.58
745,2012-06-12,83.35
746,2012-06-13,82.56
747,2012-06-14,83.83
748,2012-06-15,84.03
749,2012-06-18,83.26
750,2012-06-19,83.99
751,2012-06-20,81.06
752,2012-06-21,77.91
753,2012-06-22,79.33
754,2012-06-25,78.76
755,2012-06-26,79.34
756,2012-06-27,80.27
757,2012-06-28,77.72
758,2012-06-29,85.04
759,2012-07-02,83.72
760,2012-07-03,87.74
761,2012-07-05,87.11
762,2012-07-06,84.37
763,2012-07-09,85.93
764,2012-07-10,83.92
765,2012-07-11,85.88
766,2012-07-12,86.02
767,2012-07-13,87.15
768,2012-07-16,88.41
769,2012-07-17,89.07
770,2012-07-18,89.88
771,2012-07-19,92.78
772,2012-07-20,91.56
773,2012-07-23,87.77
774,2012-07-24,88.28
775,2012-07-25,88.8
776,2012-07-26,89.4
777,2012-07-27,90.13
778,2012-07-30,89.8
779,2012-07-31,88.08
780,2012-08-01,88.99
781,2012-08-02,87.22
782,2012-08-03,91.4
783,2012-08-06,92.3
784,2012-08-07,93.68
785,2012-08-08,93.39
786,2012-08-09,93.39
787,2012-08-10,92.94
788,2012-08-13,92.76
789,2012-08-14,93.4
790,2012-08-15,94.35
791,2012-08-16,95.66
792,2012-08-17,96.0
793,2012-08-20,96.03
794,2012-08-21,96.55
795,2012-08-22,96.89
796,2012-08-23,95.87
797,2012-08-24,95.78
798,2012-08-27,95.54
799,2012-08-28,96.3
800,2012-08-29,95.5
801,2012-08-30,94.61
802,2012-08-31,96.47
803,2012-09-04,95.34
804,2012-09-05,95.37
805,2012-09-06,95.58
806,2012-09-07,96.41
807,2012-09-10,96.52
808,2012-09-11,97.03
809,2012-09-12,97.02
810,2012-09-13,98.3
811,2012-09-14,98.94
812,2012-09-17,96.51
813,2012-09-18,95.25
814,2012-09-19,91.97
815,2012-09-20,92.14
816,2012-09-21,92.64
817,2012-09-24,91.68
818,2012-09-25,91.07
819,2012-09-26,89.92
820,2012-09-27,91.89
821,2012-09-28,92.18
822,2012-10-01,92.44
823,2012-10-02,91.88
824,2012-10-03,88.19
825,2012-10-04,91.69
826,2012-10-05,89.87
827,2012-10-08,89.43
828,2012-10-09,92.42
829,2012-10-10,91.24
830,2012-10-11,92.19
831,2012-10-12,91.83
832,2012-10-15,91.84
833,2012-10-16,92.07
834,2012-10-17,92.04
835,2012-10-18,92.0
836,2012-10-19,90.0
837,2012-10-22,88.3
838,2012-10-23,86.65
839,2012-10-24,85.39
840,2012-10-25,85.59
841,2012-10-26,85.84
842,2012-10-29,85.52
843,2012-10-30,85.65
844,2012-10-31,86.23
845,2012-11-01,87.05
846,2012-11-02,84.9
847,2012-11-05,85.64
848,2012-11-06,88.62
849,2012-11-07,84.5
850,2012-11-08,85.07
851,2012-11-09,86.08
852,2012-11-12,85.56
853,2012-11-13,85.38
854,2012-11-14,86.32
855,2012-11-15,85.45
856,2012-11-16,86.62
857,2012-11-19,89.05
858,2012-11-20,86.46
859,2012-11-21,87.08
860,2012-11-23,87.01
861,2012-11-26,87.28
862,2012-11-27,86.81
863,2012-11-28,86.1
864,2012-11-29,87.64
865,2012-11-30,88.54
866,2012-12-03,88.69
867,2012-12-04,88.04
868,2012-12-05,87.36
869,2012-12-06,85.47
870,2012-12-07,85.45
871,2012-12-10,85.14
872,2012-12-11,85.36
873,2012-12-12,86.35
874,2012-12-13,85.39
875,2012-12-14,86.32
876,2012-12-17,86.71
877,2012-12-18,87.46
878,2012-12-19,89.09
879,2012-12-20,89.76
880,2012-12-21,88.2
881,2012-12-24,88.29
882,2012-12-26,90.71
883,2012-12-27,90.91
884,2012-12-28,90.66
885,2012-12-31,91.83
886,2013-01-02,93.14
887,2013-01-03,92.97
888,2013-01-04,93.12
889,2013-01-07,93.2
890,2013-01-08,93.21
891,2013-01-09,93.08
892,2013-01-10,93.81
893,2013-01-11,93.6
894,2013-01-14,94.27
895,2013-01-15,93.26
896,2013-01-16,94.28
897,2013-01-17,95.49
898,2013-01-18,95.61
899,2013-01-22,96.09
900,2013-01-23,95.06
901,2013-01-24,95.35
902,2013-01-25,95.15
903,2013-01-28,95.95
904,2013-01-29,97.62
905,2013-01-30,97.98
906,2013-01-31,97.65
907,2013-02-01,97.46
908,2013-02-04,96.21
909,2013-02-05,96.68
910,2013-02-06,96.44
911,2013-02-07,95.84
912,2013-02-08,95.71
913,2013-02-11,97.01
914,2013-02-12,97.48
915,2013-02-13,97.03
916,2013-02-14,97.3
917,2013-02-15,95.95
918,2013-02-19,96.69
919,2013-02-20,94.92
920,2013-02-21,92.79
921,2013-02-22,93.12
922,2013-02-25,92.74
923,2013-02-26,92.63
924,2013-02-27,92.84
925,2013-02-28,92.03
926,2013-03-01,90.71
927,2013-03-04,90.13
928,2013-03-05,90.88
929,2013-03-06,90.47
930,2013-03-07,91.53
931,2013-03-08,92.01
932,2013-03-11,92.07
933,2013-03-12,92.44
934,2013-03-13,92.47
935,2013-03-14,93.03
936,2013-03-15,93.49
937,2013-03-18,93.71
938,2013-03-19,92.44
939,2013-03-20,93.21
940,2013-03-21,92.46
941,2013-03-22,93.41
942,2013-03-25,94.55
943,2013-03-26,95.99
944,2013-03-27,96.53
945,2013-03-28,97.24
946,2013-04-01,97.1
947,2013-04-02,97.23
948,2013-04-03,95.02
949,2013-04-04,93.26
950,2013-04-05,92.76
951,2013-04-08,93.36
952,2013-04-09,94.18
953,2013-04-10,94.59
954,2013-04-11,93.44
955,2013-04-12,91.23
956,2013-04-15,88.75
957,2013-04-16,88.73
958,2013-04-17,86.65
959,2013-04-18,87.83
960,2013-04-19,88.04
961,2013-04-22,88.81
962,2013-04-23,89.21
963,2013-04-24,91.07
964,2013-04-25,93.27
965,2013-04-26,92.63
966,2013-04-29,94.09
967,2013-04-30,93.22
968,2013-05-01,90.74
969,2013-05-02,93.7
970,2013-05-03,95.25
971,2013-05-06,95.8
972,2013-05-07,95.28
973,2013-05-08,96.24
974,2013-05-09,96.09
975,2013-05-10,95.81
976,2013-05-13,94.76
977,2013-05-14,93.96
978,2013-05-15,93.95
979,2013-05-16,94.85
980,2013-05-17,95.72
981,2013-05-20,96.29
982,2013-05-21,95.55
983,2013-05-22,93.98
984,2013-05-23,94.12
985,2013-05-24,93.84
986,2013-05-28,94.65
987,2013-05-29,93.13
988,2013-05-30,93.57
989,2013-05-31,91.93
990,2013-06-03,93.41
991,2013-06-04,93.36
992,2013-06-05,93.66
993,2013-06-06,94.71
994,2013-06-07,96.11
995,2013-06-10,95.82
996,2013-06-11,95.5
997,2013-06-12,95.98
998,2013-06-13,96.66
999,2013-06-14,97.83
1000,2013-06-17,97.86
1001,2013-06-18,98.46
1002,2013-06-19,98.24
1003,2013-06-20,94.89
1004,2013-06-21,93.81
1005,2013-06-24,95.07
1006,2013-06-25,95.25
1007,2013-06-26,95.47
1008,2013-06-27,97.0
1009,2013-06-28,96.36
1010,2013-07-01,97.94
1011,2013-07-02,99.65
1012,2013-07-03,101.92
1013,2013-07-05,103.09
1014,2013-07-08,103.03
1015,2013-07-09,103.46
1016,2013-07-10,106.41
1017,2013-07-11,104.77
1018,2013-07-12,105.85
1019,2013-07-15,106.2
1020,2013-07-16,105.88
1021,2013-07-17,106.39
1022,2013-07-18,107.94
1023,2013-07-19,108.0
1024,2013-07-22,106.61
1025,2013-07-23,107.13
1026,2013-07-24,105.41
1027,2013-07-25,105.47
1028,2013-07-26,104.76
1029,2013-07-29,104.61
1030,2013-07-30,103.14
1031,2013-07-31,105.1
1032,2013-08-01,107.93
1033,2013-08-02,106.94
1034,2013-08-05,106.61
1035,2013-08-06,105.32
1036,2013-08-07,104.41
1037,2013-08-08,103.45
1038,2013-08-09,106.04
1039,2013-08-12,106.19
1040,2013-08-13,106.78
1041,2013-08-14,106.89
1042,2013-08-15,107.43
1043,2013-08-16,107.58
1044,2013-08-19,107.14
1045,2013-08-20,104.9
1046,2013-08-21,103.93
1047,2013-08-22,104.93
1048,2013-08-23,106.48
1049,2013-08-26,105.88
1050,2013-08-27,109.11
1051,2013-08-28,110.17
1052,2013-08-29,108.51
1053,2013-08-30,107.98
1054,2013-09-03,108.67
1055,2013-09-04,107.29
1056,2013-09-05,108.5
1057,2013-09-06,110.62
1058,2013-09-09,109.62
1059,2013-09-10,107.48
1060,2013-09-11,107.65
1061,2013-09-12,108.72
1062,2013-09-13,108.31
1063,2013-09-16,106.54
1064,2013-09-17,105.36
1065,2013-09-18,108.23
1066,2013-09-19,106.26
1067,2013-09-20,104.7
1068,2013-09-23,103.62
1069,2013-09-24,103.22
1070,2013-09-25,102.68
1071,2013-09-26,103.1
1072,2013-09-27,102.86
1073,2013-09-30,102.36
1074,2013-10-01,102.09
1075,2013-10-02,104.15
1076,2013-10-03,103.29
1077,2013-10-04,103.83
1078,2013-10-07,103.07
1079,2013-10-08,103.54
1080,2013-10-09,101.63
1081,2013-10-10,103.08
1082,2013-10-11,102.17
1083,2013-10-14,102.46
1084,2013-10-15,101.15
1085,2013-10-16,102.34
1086,2013-10-17,100.72
1087,2013-10-18,100.87
1088,2013-10-21,99.28
1089,2013-10-22,97.63
1090,2013-10-23,96.9
1091,2013-10-24,96.65
1092,2013-10-25,97.4
1093,2013-10-28,98.74
1094,2013-10-29,98.29
1095,2013-10-30,96.81
1096,2013-10-31,96.29
1097,2013-11-01,94.56
1098,2013-11-04,94.58
1099,2013-11-05,93.4
1100,2013-11-06,94.74
1101,2013-11-07,94.25
1102,2013-11-08,94.56
1103,2013-11-11,95.13
1104,2013-11-12,93.12
1105,2013-11-13,93.91
1106,2013-11-14,93.76
1107,2013-11-15,93.8
1108,2013-11-18,93.03
1109,2013-11-19,93.35
1110,2013-11-20,93.34
1111,2013-11-21,95.35
1112,2013-11-22,94.53
1113,2013-11-25,93.86
1114,2013-11-26,93.41
1115,2013-11-27,92.05
1116,2013-11-29,92.55
1117,2013-12-02,93.61
1118,2013-12-03,95.83
1119,2013-12-04,96.97
1120,2013-12-05,97.14
1121,2013-12-06,97.48
1122,2013-12-09,97.1
1123,2013-12-10,98.32
1124,2013-12-11,97.25
1125,2013-12-12,97.21
1126,2013-12-13,96.27
1127,2013-12-16,97.18
1128,2013-12-17,96.99
1129,2013-12-18,97.59
1130,2013-12-19,98.4
1131,2013-12-20,99.11
1132,2013-12-23,98.62
1133,2013-12-24,98.87
1134,2013-12-26,99.18
1135,2013-12-27,99.94
1136,2013-12-30,98.9
1137,2013-12-31,98.17
1138,2014-01-02,95.14
1139,2014-01-03,93.66
1140,2014-01-06,93.12
1141,2014-01-07,93.31
1142,2014-01-08,91.9
1143,2014-01-09,91.36
1144,2014-01-10,92.39
1145,2014-01-13,91.45
1146,2014-01-14,92.15
1147,2014-01-15,93.78
1148,2014-01-16,93.54
1149,2014-01-17,93.96
1150,2014-01-21,94.51
1151,2014-01-22,96.35
1152,2014-01-23,97.23
1153,2014-01-24,96.66
1154,2014-01-27,95.82
1155,2014-01-28,97.49
1156,2014-01-29,97.34
1157,2014-01-30,98.25
1158,2014-01-31,97.55
1159,2014-02-03,96.44
1160,2014-02-04,97.24
1161,2014-02-05,97.4
1162,2014-02-06,97.84
1163,2014-02-07,99.98
1164,2014-02-10,100.12
1165,2014-02-11,99.96
1166,2014-02-12,100.38
1167,2014-02-13,100.27
1168,2014-02-14,100.31
1169,2014-02-18,102.54
1170,2014-02-19,103.46
1171,2014-02-20,103.2
1172,2014-02-21,102.53
1173,2014-02-24,103.17
1174,2014-02-25,102.2
1175,2014-02-26,102.93
1176,2014-02-27,102.68
1177,2014-02-28,102.88
1178,2014-03-03,105.34
1179,2014-03-04,103.64
1180,2014-03-05,101.75
1181,2014-03-06,101.82
1182,2014-03-07,102.82
1183,2014-03-10,101.39
1184,2014-03-11,100.29
1185,2014-03-12,98.29
1186,2014-03-13,98.57
1187,2014-03-14,99.23
1188,2014-03-17,98.43
1189,2014-03-18,100.08
1190,2014-03-19,100.71
1191,2014-03-20,99.68
1192,2014-03-21,99.97
1193,2014-03-24,100.05
1194,2014-03-25,99.66
1195,2014-03-26,100.61
1196,2014-03-27,101.25
1197,2014-03-28,101.73
1198,2014-03-31,101.57
1199,2014-04-01,99.69
1200,2014-04-02,99.6
1201,2014-04-03,100.29
1202,2014-04-04,101.16
1203,2014-04-07,100.43
1204,2014-04-08,102.57
1205,2014-04-09,103.55
1206,2014-04-10,103.37
1207,2014-04-11,103.68
1208,2014-04-14,104.05
1209,2014-04-15,103.7
1210,2014-04-16,103.71
1211,2014-04-17,104.33
1212,2014-04-21,104.35
1213,2014-04-22,101.69
1214,2014-04-23,101.47
1215,2014-04-24,102.2
1216,2014-04-25,100.85
1217,2014-04-28,101.13
1218,2014-04-29,101.56
1219,2014-04-30,100.07
1220,2014-05-01,99.69
1221,2014-05-02,100.09
1222,2014-05-05,99.74
1223,2014-05-06,99.81
1224,2014-05-07,101.06
1225,2014-05-08,100.52
1226,2014-05-09,100.32
1227,2014-05-12,100.89
1228,2014-05-13,102.01
1229,2014-05-14,102.63
1230,2014-05-15,101.74
1231,2014-05-16,102.31
1232,2014-05-19,102.95
1233,2014-05-20,102.8
1234,2014-05-21,104.31
1235,2014-05-22,104.03
1236,2014-05-23,105.01
1237,2014-05-27,104.78
1238,2014-05-28,103.37
1239,2014-05-29,104.26
1240,2014-05-30,103.4
1241,2014-06-02,103.07
1242,2014-06-03,103.34
1243,2014-06-04,103.27
1244,2014-06-05,103.17
1245,2014-06-06,103.32
1246,2014-06-09,105.09
1247,2014-06-10,105.02
1248,2014-06-11,105.04
1249,2014-06-12,107.2
1250,2014-06-13,107.49
1251,2014-06-16,107.52
1252,2014-06-17,106.95
1253,2014-06-18,106.64
1254,2014-06-19,107.08
1255,2014-06-20,107.95
1256,2014-06-23,106.83
1257,2014-06-24,106.64
1258,2014-06-25,107.04
1259,2014-06-26,106.49
1260,2014-06-27,106.46
1261,2014-06-30,106.07
1262,2014-07-01,106.06
1263,2014-07-02,105.18
1264,2014-07-03,104.76
1265,2014-07-07,104.19
1266,2014-07-08,104.06
1267,2014-07-09,102.93
1268,2014-07-10,103.61
1269,2014-07-11,101.48
1270,2014-07-14,101.73
1271,2014-07-15,100.56
1272,2014-07-16,101.88
1273,2014-07-17,103.84
1274,2014-07-18,103.83
1275,2014-07-21,105.34
1276,2014-07-22,104.59
1277,2014-07-23,103.81
1278,2014-07-24,102.76
1279,2014-07-25,105.23
1280,2014-07-28,105.68
1281,2014-07-29,104.91
1282,2014-07-30,104.29
1283,2014-07-31,98.23
1284,2014-08-01,97.86
1285,2014-08-04,98.26
1286,2014-08-05,97.34
1287,2014-08-06,96.93
1288,2014-08-07,97.34
1289,2014-08-08,97.61
1290,2014-08-11,98.09
1291,2014-08-12,97.36
1292,2014-08-13,97.57
1293,2014-08-14,95.54
1294,2014-08-15,97.3
1295,2014-08-18,96.44
1296,2014-08-19,94.35
1297,2014-08-20,96.4
1298,2014-08-21,93.97
1299,2014-08-22,93.61
1300,2014-08-25,95.39
1301,2014-08-26,95.78
1302,2014-08-27,95.82
1303,2014-08-28,96.44
1304,2014-08-29,97.86
1305,2014-09-02,92.92
1306,2014-09-03,95.5
1307,2014-09-04,94.51
1308,2014-09-05,93.32
1309,2014-09-08,92.64
1310,2014-09-09,92.73
1311,2014-09-10,91.71
1312,2014-09-11,92.89
1313,2014-09-12,92.18
1314,2014-09-15,92.86
1315,2014-09-16,94.91
1316,2014-09-17,94.33
1317,2014-09-18,93.07
1318,2014-09-19,92.43
1319,2014-09-22,91.46
1320,2014-09-23,91.55
1321,2014-09-24,93.6
1322,2014-09-25,93.59
1323,2014-09-26,95.55
1324,2014-09-29,94.53
1325,2014-09-30,91.17
1326,2014-10-01,90.74
1327,2014-10-02,91.02
1328,2014-10-03,89.76
1329,2014-10-06,90.33
1330,2014-10-07,88.89
1331,2014-10-08,87.29
1332,2014-10-09,85.76
1333,2014-10-10,85.87
1334,2014-10-13,85.73
1335,2014-10-14,81.72
1336,2014-10-15,81.82
1337,2014-10-16,82.33
1338,2014-10-17,82.8
1339,2014-10-20,82.76
1340,2014-10-21,83.25
1341,2014-10-22,80.52
1342,2014-10-23,82.81
1343,2014-10-24,81.27
1344,2014-10-27,81.26
1345,2014-10-28,81.36
1346,2014-10-29,82.25
1347,2014-10-30,81.06
1348,2014-10-31,80.53
1349,2014-11-03,78.77
1350,2014-11-04,77.15
1351,2014-11-05,78.71
1352,2014-11-06,77.87
1353,2014-11-07,78.71
1354,2014-11-10,77.43
1355,2014-11-11,77.85
1356,2014-11-12,77.16
1357,2014-11-13,74.13
1358,2014-11-14,75.91
1359,2014-11-17,75.64
1360,2014-11-18,74.55
1361,2014-11-19,74.55
1362,2014-11-20,75.63
1363,2014-11-21,76.52
1364,2014-11-24,75.74
1365,2014-11-25,74.04
1366,2014-11-26,73.7
1367,2014-11-28,65.94
1368,2014-12-01,68.98
1369,2014-12-02,66.99
1370,2014-12-03,67.3
1371,2014-12-04,66.73
1372,2014-12-05,65.89
1373,2014-12-08,63.13
1374,2014-12-09,63.74
1375,2014-12-10,60.99
1376,2014-12-11,60.01
1377,2014-12-12,57.81
1378,2014-12-15,55.96
1379,2014-12-16,55.97
1380,2014-12-17,56.43
1381,2014-12-18,54.18
1382,2014-12-19,56.91
1383,2014-12-22,55.25
1384,2014-12-23,56.78
1385,2014-12-24,55.7
1386,2014-12-26,54.59
1387,2014-12-29,53.46
1388,2014-12-30,54.14
1389,2014-12-31,53.45
1390,2015-01-02,52.72
1391,2015-01-05,50.05
1392,2015-01-06,47.98
1393,2015-01-07,48.69
1394,2015-01-08,48.8
1395,2015-01-09,48.35
1396,2015-01-12,46.06
1397,2015-01-13,45.92
1398,2015-01-14,48.49
1399,2015-01-15,46.37
1400,2015-01-16,48.49
1401,2015-01-20,46.79
1402,2015-01-21,47.85
1403,2015-01-22,45.93
1404,2015-01-23,45.26
1405,2015-01-26,44.8
1406,2015-01-27,45.84
1407,2015-01-28,44.08
1408,2015-01-29,44.12
1409,2015-01-30,47.79
1410,2015-02-02,49.25
1411,2015-02-03,53.04
1412,2015-02-04,48.45
1413,2015-02-05,50.48
1414,2015-02-06,51.66
1415,2015-02-09,52.99
1416,2015-02-10,50.06
1417,2015-02-11,48.8
1418,2015-02-12,51.17
1419,2015-02-13,52.66
1420,2015-02-17,53.56
1421,2015-02-18,52.13
1422,2015-02-19,51.12
1423,2015-02-20,49.95
1424,2015-02-23,49.56
1425,2015-02-24,48.48
1426,2015-02-25,50.25
1427,2015-02-26,47.65
1428,2015-02-27,49.84
1429,2015-03-02,49.59
1430,2015-03-03,50.43
1431,2015-03-04,51.53
1432,2015-03-05,50.76
1433,2015-03-06,49.61
1434,2015-03-09,49.95
1435,2015-03-10,48.42
1436,2015-03-11,48.06
1437,2015-03-12,47.12
1438,2015-03-13,44.88
1439,2015-03-16,43.93
1440,2015-03-17,43.39
1441,2015-03-18,44.63
1442,2015-03-19,44.02
1443,2015-03-20,46.0
1444,2015-03-23,47.4
1445,2015-03-24,47.03
1446,2015-03-25,48.75
1447,2015-03-26,51.41
1448,2015-03-27,48.83
1449,2015-03-30,48.66
1450,2015-03-31,47.72
1451,2015-04-01,50.12
1452,2015-04-02,49.13
1453,2015-04-06,52.08
1454,2015-04-07,53.95
1455,2015-04-08,50.44
1456,2015-04-09,50.79
1457,2015-04-10,51.63
1458,2015-04-13,51.95
1459,2015-04-14,53.3
1460,2015-04-15,56.25
1461,2015-04-16,56.69
1462,2015-04-17,55.71
1463,2015-04-20,56.37
1464,2015-04-21,55.58
1465,2015-04-22,56.17
1466,2015-04-23,56.59
1467,2015-04-24,55.98
1468,2015-04-27,55.56
1469,2015-04-28,57.05
1470,2015-04-29,58.55
1471,2015-04-30,59.62
1472,2015-05-01,59.1
1473,2015-05-04,58.92
1474,2015-05-05,60.38
1475,2015-05-06,60.93
1476,2015-05-07,58.99
1477,2015-05-08,59.41
1478,2015-05-11,59.23
1479,2015-05-12,60.72
1480,2015-05-13,60.5
1481,2015-05-14,59.89
1482,2015-05-15,59.73
1483,2015-05-18,59.44
1484,2015-05-19,57.3
1485,2015-05-20,58.96
1486,2015-05-21,60.18
1487,2015-05-22,58.88
1488,2015-05-26,57.29
1489,2015-05-27,57.51
1490,2015-05-28,57.69
1491,2015-05-29,60.25
1492,2015-06-01,60.24
1493,2015-06-02,61.3
1494,2015-06-03,59.67
1495,2015-06-04,58.0
1496,2015-06-05,59.11
1497,2015-06-08,58.15
1498,2015-06-09,60.15
1499,2015-06-10,61.36
1500,2015-06-11,60.74
1501,2015-06-12,59.96
1502,2015-06-15,59.53
1503,2015-06-16,60.01
1504,2015-06-17,59.89
1505,2015-06-18,60.41
1506,2015-06-19,59.62
1507,2015-06-22,60.01
1508,2015-06-23,61.05
1509,2015-06-24,60.01
1510,2015-06-25,59.59
1511,2015-06-26,59.41
1512,2015-06-29,58.34
1513,2015-06-30,59.48
1514,2015-07-01,56.94
1515,2015-07-02,56.93
1516,2015-07-06,52.48
1517,2015-07-07,52.33
1518,2015-07-08,51.61
1519,2015-07-09,52.76
1520,2015-07-10,52.74
1521,2015-07-13,52.19
1522,2015-07-14,53.05
1523,2015-07-15,51.4
1524,2015-07-16,50.9
1525,2015-07-17,50.88
1526,2015-07-20,50.11
1527,2015-07-21,50.59
1528,2015-07-22,49.27
1529,2015-07-23,48.11
1530,2015-07-24,47.98
1531,2015-07-27,47.17
1532,2015-07-28,47.97
1533,2015-07-29,48.77
1534,2015-07-30,48.53
1535,2015-07-31,47.11
1536,2015-08-03,45.25
1537,2015-08-04,45.75
1538,2015-08-05,45.13
1539,2015-08-06,44.69
1540,2015-08-07,43.87
1541,2015-08-10,44.94
1542,2015-08-11,43.11
1543,2015-08-12,43.22
1544,2015-08-13,42.27
1545,2015-08-14,42.45
1546,2015-08-17,41.93
1547,2015-08-18,42.58
1548,2015-08-19,40.75
1549,2015-08-20,41.0
1550,2015-08-21,40.45
1551,2015-08-24,38.22
1552,2015-08-25,39.15
1553,2015-08-26,38.5
1554,2015-08-27,42.47
1555,2015-08-28,45.29
1556,2015-08-31,49.2
1557,2015-09-01,45.38
1558,2015-09-02,46.3
1559,2015-09-03,46.75
1560,2015-09-04,46.02
1561,2015-09-08,45.92
1562,2015-09-09,44.13
1563,2015-09-10,45.85
1564,2015-09-11,44.75
1565,2015-09-14,44.07
1566,2015-09-15,44.58
1567,2015-09-16,47.12
1568,2015-09-17,46.93
1569,2015-09-18,44.71
1570,2015-09-21,46.67
1571,2015-09-22,46.17
1572,2015-09-23,44.53
1573,2015-09-24,44.94
1574,2015-09-25,45.55
1575,2015-09-28,44.4
1576,2015-09-29,45.24
1577,2015-09-30,45.06
1578,2015-10-01,44.75
1579,2015-10-02,45.54
1580,2015-10-05,46.28
1581,2015-10-06,48.53
1582,2015-10-07,47.86
1583,2015-10-08,49.46
1584,2015-10-09,49.67
1585,2015-10-12,47.09
1586,2015-10-13,46.7
1587,2015-10-14,46.63
1588,2015-10-15,46.38
1589,2015-10-16,47.3
1590,2015-10-19,45.91
1591,2015-10-20,45.84
1592,2015-10-21,45.22
1593,2015-10-22,44.9
1594,2015-10-23,43.91
1595,2015-10-26,43.19
1596,2015-10-27,43.21
1597,2015-10-28,45.93
1598,2015-10-29,46.02
1599,2015-10-30,46.6
1600,2015-11-02,46.12
1601,2015-11-03,47.88
1602,2015-11-04,46.32
1603,2015-11-05,45.27
1604,2015-11-06,44.32
1605,2015-11-09,43.87
1606,2015-11-10,44.23
1607,2015-11-11,42.95
1608,2015-11-12,41.74
1609,2015-11-13,40.69
1610,2015-11-16,41.68
1611,2015-11-17,40.73
1612,2015-11-18,40.75
1613,2015-11-19,40.55
1614,2015-11-20,39.39
1615,2015-11-23,39.27
1616,2015-11-24,40.89
1617,2015-11-25,41.22
1618,2015-11-27,40.57
1619,2015-11-30,40.43
1620,2015-12-01,40.58
1621,2015-12-02,39.93
1622,2015-12-03,41.08
1623,2015-12-04,40.0
1624,2015-12-07,37.64
1625,2015-12-08,37.46
1626,2015-12-09,37.16
1627,2015-12-10,36.76
1628,2015-12-11,35.65
1629,2015-12-14,36.31
1630,2015-12-15,37.32
1631,2015-12-16,35.55
1632,2015-12-17,34.98
1633,2015-12-18,34.72
1634,2015-12-21,34.55
1635,2015-12-22,36.12
1636,2015-12-23,36.76
1637,2015-12-24,37.62
1638,2015-12-28,36.36
1639,2015-12-29,37.88
1640,2015-12-30,36.59
1641,2015-12-31,37.13
1642,2016-01-04,36.81
1643,2016-01-05,35.97
1644,2016-01-06,33.97
1645,2016-01-07,33.29
1646,2016-01-08,33.2
1647,2016-01-11,31.42
1648,2016-01-12,30.42
1649,2016-01-13,30.42
1650,2016-01-14,31.22
1651,2016-01-15,29.45
1652,2016-01-19,28.47
1653,2016-01-20,26.68
1654,2016-01-21,29.55
1655,2016-01-22,32.07
1656,2016-01-25,30.31
1657,2016-01-26,29.54
1658,2016-01-27,32.32
1659,2016-01-28,33.21
1660,2016-01-29,33.66
1661,2016-02-01,31.62
1662,2016-02-02,29.9
1663,2016-02-03,32.29
1664,2016-02-04,31.63
1665,2016-02-05,30.86
1666,2016-02-08,29.71
1667,2016-02-09,27.96
1668,2016-02-10,27.54
1669,2016-02-11,26.19
1670,2016-02-12,29.32
1671,2016-02-16,29.05
1672,2016-02-17,30.68
1673,2016-02-18,30.77
1674,2016-02-19,29.59
1675,2016-02-22,31.37
1676,2016-02-23,31.84
1677,2016-02-24,30.35
1678,2016-02-25,31.4
1679,2016-02-26,31.65
1680,2016-02-29,32.74
1681,2016-03-01,34.39
1682,2016-03-02,34.57
1683,2016-03-03,34.56
1684,2016-03-04,35.91
1685,2016-03-07,37.9
1686,2016-03-08,36.67
1687,2016-03-09,37.62
1688,2016-03-10,37.77
1689,2016-03-11,38.51
1690,2016-03-14,37.2
1691,2016-03-15,36.32
1692,2016-03-16,38.43
1693,2016-03-17,40.17
1694,2016-03-18,39.47
1695,2016-03-21,39.91
1696,2016-03-22,41.45
1697,2016-03-23,38.28
1698,2016-03-24,38.14
1699,2016-03-28,37.99
1700,2016-03-29,36.91
1701,2016-03-30,36.91
1702,2016-03-31,36.94
1703,2016-04-01,35.36
1704,2016-04-04,34.3
1705,2016-04-05,34.52
1706,2016-04-06,37.74
1707,2016-04-07,37.3
1708,2016-04-08,39.74
1709,2016-04-11,40.46
1710,2016-04-12,42.12
1711,2016-04-13,41.7
1712,2016-04-14,41.45
1713,2016-04-15,40.4
1714,2016-04-18,39.74
1715,2016-04-19,40.88
1716,2016-04-20,42.72
1717,2016-04-21,43.18
1718,2016-04-22,42.76
1719,2016-04-25,41.67
1720,2016-04-26,42.52
1721,2016-04-27,45.29
1722,2016-04-28,46.03
1723,2016-04-29,45.98
1724,2016-05-02,44.75
1725,2016-05-03,43.65
1726,2016-05-04,43.77
1727,2016-05-05,44.33
1728,2016-05-06,44.58
1729,2016-05-09,43.45
1730,2016-05-10,44.68
1731,2016-05-11,46.21
1732,2016-05-12,46.64
1733,2016-05-13,46.22
1734,2016-05-16,47.72
1735,2016-05-17,48.29
1736,2016-05-18,48.12
1737,2016-05-19,48.16
1738,2016-05-20,47.67
1739,2016-05-23,48.12
1740,2016-05-24,48.04
1741,2016-05-25,49.1
1742,2016-05-26,49.0
1743,2016-05-27,49.36
1744,2016-05-31,49.1
1745,2016-06-01,49.07
1746,2016-06-02,49.14
1747,2016-06-03,48.69
1748,2016-06-06,49.71
1749,2016-06-07,50.37
1750,2016-06-08,51.23
1751,2016-06-09,50.52
1752,2016-06-10,49.09
1753,2016-06-13,48.89
1754,2016-06-14,48.49
1755,2016-06-15,47.92
1756,2016-06-16,46.14
1757,2016-06-17,48.0
1758,2016-06-20,49.4
1759,2016-06-21,48.95
1760,2016-06-22,49.16
1761,2016-06-23,49.34
1762,2016-06-24,46.7
1763,2016-06-27,45.8
1764,2016-06-28,47.93
1765,2016-06-29,49.85
1766,2016-06-30,48.27
1767,2016-07-01,49.02
1768,2016-07-05,46.73
1769,2016-07-06,47.37
1770,2016-07-07,45.22
1771,2016-07-08,45.37
1772,2016-07-11,44.73
1773,2016-07-12,46.82
1774,2016-07-13,44.87
1775,2016-07-14,45.64
1776,2016-07-15,45.93
1777,2016-07-18,45.23
1778,2016-07-19,44.64
1779,2016-07-20,44.96
1780,2016-07-21,43.96
1781,2016-07-22,43.41
1782,2016-07-25,42.4
1783,2016-07-26,42.16
1784,2016-07-27,41.9
1785,2016-07-28,41.13
1786,2016-07-29,41.54
1787,2016-08-01,40.05
1788,2016-08-02,39.5
1789,2016-08-03,40.8
1790,2016-08-04,41.92
1791,2016-08-05,41.83
1792,2016-08-08,43.06
1793,2016-08-09,42.78
1794,2016-08-10,41.75
1795,2016-08-11,43.51
1796,2016-08-12,44.47
1797,2016-08-15,45.72
1798,2016-08-16,46.57
1799,2016-08-17,46.81
1800,2016-08-18,48.2
1801,2016-08-19,48.48
1802,2016-08-22,46.8
1803,2016-08-23,47.54
1804,2016-08-24,46.29
1805,2016-08-25,46.97
1806,2016-08-26,47.64
1807,2016-08-29,46.97
1808,2016-08-30,46.32
1809,2016-08-31,44.68
1810,2016-09-01,43.17
1811,2016-09-02,44.39
1812,2016-09-06,44.85
1813,2016-09-07,45.47
1814,2016-09-08,47.63
1815,2016-09-09,45.88
1816,2016-09-12,46.28
1817,2016-09-13,44.91
1818,2016-09-14,43.62
1819,2016-09-15,43.85
1820,2016-09-16,43.04
1821,2016-09-19,43.34
1822,2016-09-20,43.85
1823,2016-09-21,45.33
1824,2016-09-22,46.1
1825,2016-09-23,44.36
1826,2016-09-26,45.6
1827,2016-09-27,44.65
1828,2016-09-28,47.07
1829,2016-09-29,47.72
1830,2016-09-30,47.72
1831,2016-10-03,48.8
1832,2016-10-04,48.67
1833,2016-10-05,49.75
1834,2016-10-06,50.44
1835,2016-10-07,49.76
1836,2016-10-10,49.76
1837,2016-10-11,50.72
1838,2016-10-12,50.14
1839,2016-10-13,50.47
1840,2016-10-14,50.35
1841,2016-10-17,49.97
1842,2016-10-18,50.3
1843,2016-10-19,51.59
1844,2016-10-20,50.31
1845,2016-10-21,50.61
1846,2016-10-24,50.18
1847,2016-10-25,49.45
1848,2016-10-26,48.75
1849,2016-10-27,49.71
1850,2016-10-28,48.72
1851,2016-10-31,46.83
1852,2016-11-01,46.66
1853,2016-11-02,45.32
1854,2016-11-03,44.66
1855,2016-11-04,44.07
1856,2016-11-07,44.88
1857,2016-11-08,44.96
1858,2016-11-09,45.2
1859,2016-11-10,44.62
1860,2016-11-11,43.39
1861,2016-11-14,43.29
1862,2016-11-15,45.86
1863,2016-11-16,45.56
1864,2016-11-17,45.37
1865,2016-11-18,45.69
1866,2016-11-21,47.48
1867,2016-11-22,48.07
1868,2016-11-23,46.72
1869,2016-11-25,46.72
1870,2016-11-28,45.66
1871,2016-11-29,45.29
1872,2016-11-30,49.41
1873,2016-12-01,51.08
1874,2016-12-02,51.7
1875,2016-12-05,51.72
1876,2016-12-06,50.95
1877,2016-12-07,49.85
1878,2016-12-08,50.84
1879,2016-12-09,51.51
1880,2016-12-12,52.74
1881,2016-12-13,52.99
1882,2016-12-14,51.01
1883,2016-12-15,50.9
1884,2016-12-16,51.93
1885,2016-12-19,52.13
1886,2016-12-20,52.22
1887,2016-12-21,51.44
1888,2016-12-22,51.98
1889,2016-12-23,52.01
1890,2016-12-27,52.82
1891,2016-12-28,54.01
1892,2016-12-29,53.8
1893,2016-12-30,53.75
1894,2017-01-03,52.36
1895,2017-01-04,53.26
1896,2017-01-05,53.77
1897,2017-01-06,53.98
1898,2017-01-09,51.95
1899,2017-01-10,50.82
1900,2017-01-11,52.19
1901,2017-01-12,53.01
1902,2017-01-13,52.36
1903,2017-01-17,52.45
1904,2017-01-18,51.12
1905,2017-01-19,51.39
1906,2017-01-20,52.33
1907,2017-01-23,52.77
1908,2017-01-24,52.38
1909,2017-01-25,52.14
1910,2017-01-26,53.24
1911,2017-01-27,53.18
1912,2017-01-30,52.63
1913,2017-01-31,52.75
1914,2017-02-01,53.9
1915,2017-02-02,53.55
1916,2017-02-03,53.81
1917,2017-02-06,53.01
1918,2017-02-07,52.19
1919,2017-02-08,52.37
1920,2017-02-09,52.99
1921,2017-02-10,53.84
1922,2017-02-13,52.96
1923,2017-02-14,53.21
1924,2017-02-15,53.11
1925,2017-02-16,53.41
1926,2017-02-17,53.41
1927,2017-02-21,54.02
1928,2017-02-22,53.61
1929,2017-02-23,54.48
1930,2017-02-24,53.99
1931,2017-02-27,54.04
1932,2017-02-28,54.0
1933,2017-03-01,53.82
1934,2017-03-02,52.63
1935,2017-03-03,53.33
1936,2017-03-06,53.19
1937,2017-03-07,52.68
1938,2017-03-08,49.83
1939,2017-03-09,48.75
1940,2017-03-10,48.05
1941,2017-03-13,47.95
1942,2017-03-14,47.24
1943,2017-03-15,48.34
1944,2017-03-16,48.3
1945,2017-03-17,48.34
1946,2017-03-20,47.79
1947,2017-03-21,47.02
1948,2017-03-22,47.29
1949,2017-03-23,47.0
1950,2017-03-24,47.3
1951,2017-03-27,47.02
1952,2017-03-28,48.36
1953,2017-03-29,49.47
1954,2017-03-30,50.3
1955,2017-03-31,50.54
1956,2017-04-03,50.25
1957,2017-04-04,50.99
1958,2017-04-05,51.14
1959,2017-04-06,51.69
1960,2017-04-07,52.25
1961,2017-04-10,53.06
1962,2017-04-11,53.38
1963,2017-04-12,53.12
1964,2017-04-13,53.19
1965,2017-04-17,52.62
1966,2017-04-18,52.46
1967,2017-04-19,50.49
1968,2017-04-20,50.26
1969,2017-04-21,49.64
1970,2017-04-24,48.9
1971,2017-04-25,49.22
1972,2017-04-26,49.22
1973,2017-04-27,48.96
1974,2017-04-28,49.31
1975,2017-05-01,48.83
1976,2017-05-02,47.65
1977,2017-05-03,47.79
1978,2017-05-04,45.55
1979,2017-05-05,46.23
1980,2017-05-08,46.46
1981,2017-05-09,45.84
1982,2017-05-10,47.28
1983,2017-05-11,47.81
1984,2017-05-12,47.83
1985,2017-05-15,48.86
1986,2017-05-16,48.64
1987,2017-05-17,49.04
1988,2017-05-18,49.36
1989,2017-05-19,50.32
1990,2017-05-22,50.81
1991,2017-05-23,51.12
1992,2017-05-24,50.99
1993,2017-05-25,48.57
1994,2017-05-26,49.58
1995,2017-05-30,49.63
1996,2017-05-31,48.29
1997,2017-06-01,48.32
1998,2017-06-02,47.68
1999,2017-06-05,47.4
2000,2017-06-06,48.13
2001,2017-06-07,45.8
2002,2017-06-08,45.68
2003,2017-06-09,45.82
2004,2017-06-12,46.1
2005,2017-06-13,46.41
2006,2017-06-14,44.79
2007,2017-06-15,44.47
2008,2017-06-16,44.73
2009,2017-06-19,44.24
2010,2017-06-20,43.34
2011,2017-06-21,42.48
2012,2017-06-22,42.53
2013,2017-06-23,42.86
2014,2017-06-26,43.24
2015,2017-06-27,44.25
2016,2017-06-28,44.74
2017,2017-06-29,44.88
2018,2017-06-30,46.02
2019,2017-07-05,45.11
2020,2017-07-06,45.52
2021,2017-07-07,44.25
2022,2017-07-10,44.4
2023,2017-07-11,45.06
2024,2017-07-12,45.48
2025,2017-07-13,46.06
2026,2017-07-14,46.53
2027,2017-07-17,46.02
2028,2017-07-18,46.4
2029,2017-07-19,47.1
2030,2017-07-20,46.73
2031,2017-07-21,45.78
2032,2017-07-24,46.21
2033,2017-07-25,47.77
2034,2017-07-26,48.58
2035,2017-07-27,49.05
2036,2017-07-28,49.72
2037,2017-07-31,50.21
2038,2017-08-01,49.19
2039,2017-08-02,49.6
2040,2017-08-03,49.03
2041,2017-08-04,49.57
2042,2017-08-07,49.37
2043,2017-08-08,49.07
2044,2017-08-09,49.59
2045,2017-08-10,48.54
2046,2017-08-11,48.81
2047,2017-08-14,47.59
2048,2017-08-15,47.57
2049,2017-08-16,46.8
2050,2017-08-17,47.07
2051,2017-08-18,48.59
2052,2017-08-21,47.39
2053,2017-08-22,47.65
2054,2017-08-23,48.45
2055,2017-08-24,47.24
2056,2017-08-25,47.65
2057,2017-08-28,46.4
2058,2017-08-29,46.46
2059,2017-08-30,45.96
2060,2017-08-31,47.26
2061,2017-09-01,47.32
2062,2017-09-05,48.63
2063,2017-09-06,49.13
2064,2017-09-07,49.1
2065,2017-09-08,47.44
2066,2017-09-11,48.06
2067,2017-09-12,48.21
2068,2017-09-13,49.3
2069,2017-09-14,49.86
2070,2017-09-15,49.9
2071,2017-09-18,49.88
2072,2017-09-19,49.54
2073,2017-09-20,50.29
2074,2017-09-21,50.58
2075,2017-09-22,50.33
2076,2017-09-25,51.85
2077,2017-09-26,51.59
2078,2017-09-27,52.14
2079,2017-09-28,51.62
2080,2017-09-29,51.67
2081,2017-10-02,50.59
2082,2017-10-03,50.44
2083,2017-10-04,50.0
2084,2017-10-05,50.79
2085,2017-10-06,49.34
2086,2017-10-09,49.58
2087,2017-10-10,50.93
2088,2017-10-11,51.3
2089,2017-10-12,50.61
2090,2017-10-13,51.43
2091,2017-10-16,51.86
2092,2017-10-17,51.87
2093,2017-10-18,52.05
2094,2017-10-19,51.29
2095,2017-10-20,51.63
2096,2017-10-23,51.91
2097,2017-10-24,52.32
2098,2017-10-25,51.97
2099,2017-10-26,52.41
2100,2017-10-27,53.92
2101,2017-10-30,54.11
2102,2017-10-31,54.36
2103,2017-11-01,54.32
2104,2017-11-02,54.55
2105,2017-11-03,55.63
2106,2017-11-06,57.34
2107,2017-11-07,57.19
2108,2017-11-08,56.82
2109,2017-11-09,57.16
2110,2017-11-10,56.75
2111,2017-11-13,56.77
2112,2017-11-14,55.67
2113,2017-11-15,55.28
2114,2017-11-16,55.14
2115,2017-11-17,56.21
2116,2017-11-20,56.21
2117,2017-11-21,56.84
2118,2017-11-22,57.88
2119,2017-11-24,58.94
2120,2017-11-27,58.1
2121,2017-11-28,57.96
2122,2017-11-29,57.25
2123,2017-11-30,57.4
2124,2017-12-01,58.35
2125,2017-12-04,57.48
2126,2017-12-05,57.66
2127,2017-12-06,55.79
2128,2017-12-07,56.5
2129,2017-12-08,57.15
2130,2017-12-11,57.84
2131,2017-12-12,57.12
2132,2017-12-13,56.59
2133,2017-12-14,57.0
2134,2017-12-15,57.29
2135,2017-12-18,57.17
2136,2017-12-19,57.49
2137,2017-12-20,58.09
2138,2017-12-21,58.34
2139,2017-12-22,58.25
2140,2017-12-26,59.55
2141,2017-12-27,59.67
2142,2017-12-28,59.84
2143,2017-12-29,60.46
2144,2018-01-02,60.37
2145,2018-01-03,61.61
2146,2018-01-04,61.98
2147,2018-01-05,61.49
2148,2018-01-08,61.73
2149,2018-01-09,62.92
2150,2018-01-10,63.6
2151,2018-01-11,63.81
2152,2018-01-12,64.22
2153,2018-01-16,63.82
2154,2018-01-17,63.92
2155,2018-01-18,63.96
2156,2018-01-19,63.38
2157,2018-01-22,63.66
2158,2018-01-23,64.45
2159,2018-01-24,65.69
2160,2018-01-25,65.62
2161,2018-01-26,66.27
2162,2018-01-29,65.71
2163,2018-01-30,64.64
2164,2018-01-31,64.82
2165,2018-02-01,65.92
2166,2018-02-02,65.5
2167,2018-02-05,64.18
2168,2018-02-06,63.48
2169,2018-02-07,61.91
2170,2018-02-08,61.3
2171,2018-02-09,59.2
2172,2018-02-12,59.41
2173,2018-02-13,59.33
2174,2018-02-14,60.7
2175,2018-02-15,61.48
2176,2018-02-16,61.89
2177,2018-02-20,61.91
2178,2018-02-21,61.73
2179,2018-02-22,62.72
2180,2018-02-23,63.52
2181,2018-02-26,63.81
2182,2018-02-27,62.94
2183,2018-02-28,61.43
2184,2018-03-01,60.98
2185,2018-03-02,61.19
2186,2018-03-05,62.49
2187,2018-03-06,62.54
2188,2018-03-07,61.09
2189,2018-03-08,60.13
2190,2018-03-09,62.02
2191,2018-03-12,61.35
2192,2018-03-13,60.69
2193,2018-03-14,60.89
2194,2018-03-15,61.16
2195,2018-03-16,62.29
2196,2018-03-19,62.01
2197,2018-03-20,63.37
2198,2018-03-21,65.1
2199,2018-03-22,64.25
2200,2018-03-23,65.8
2201,2018-03-26,65.49
2202,2018-03-27,65.21
2203,2018-03-28,64.3
2204,2018-03-29,64.87
2205,2018-04-02,63.05
2206,2018-04-03,63.41
2207,2018-04-04,63.35
2208,2018-04-05,63.53
2209,2018-04-06,62.03
2210,2018-04-09,63.4
2211,2018-04-10,65.48
2212,2018-04-11,66.81
2213,2018-04-12,67.07
2214,2018-04-13,67.35
2215,2018-04-16,66.23
2216,2018-04-17,66.5
2217,2018-04-18,68.44
2218,2018-04-19,68.3
2219,2018-04-20,68.26
2220,2018-04-23,67.61
2221,2018-04-24,67.66
2222,2018-04-25,68.0
2223,2018-04-26,68.18
2224,2018-04-27,68.11
2225,2018-04-30,68.56
2226,2018-05-01,67.28
2227,2018-05-02,67.91
2228,2018-05-03,68.45
2229,2018-05-04,69.71
2230,2018-05-07,70.74
2231,2018-05-08,68.83
2232,2018-05-09,71.16
2233,2018-05-10,71.36
2234,2018-05-11,70.69
2235,2018-05-14,71.01
2236,2018-05-15,71.34
2237,2018-05-16,71.43
2238,2018-05-17,71.47
2239,2018-05-18,71.23
2240,2018-05-21,72.26
2241,2018-05-22,72.09
2242,2018-05-23,71.85
2243,2018-05-24,70.77
2244,2018-05-25,67.92
2245,2018-05-29,66.8
2246,2018-05-30,68.24
2247,2018-05-31,66.98
2248,2018-06-01,65.81
2249,2018-06-04,64.76
2250,2018-06-05,65.51
2251,2018-06-06,64.75
2252,2018-06-07,65.96
2253,2018-06-08,65.77
2254,2018-06-11,66.1
2255,2018-06-12,66.38
2256,2018-06-13,66.63
2257,2018-06-14,66.91
2258,2018-06-15,65.01
2259,2018-06-18,65.91
2260,2018-06-19,65.09
2261,2018-06-20,65.92
2262,2018-06-21,65.68
2263,2018-06-22,69.02
2264,2018-06-25,69.91
2265,2018-06-26,75.23
2266,2018-06-27,77.41
2267,2018-06-28,73.45
2268,2018-06-29,74.13
2269,2018-07-02,73.89
2270,2018-07-03,74.19
2271,2018-07-05,73.05
2272,2018-07-06,73.78
2273,2018-07-09,73.93
2274,2018-07-10,74.11
2275,2018-07-11,70.47
2276,2018-07-12,70.28
2277,2018-07-13,71.03
2278,2018-07-16,68.22
2279,2018-07-17,68.03
2280,2018-07-18,68.78
2281,2018-07-19,69.42
2282,2018-07-20,70.31
2283,2018-07-23,67.9
2284,2018-07-24,70.77
2285,2018-07-25,71.13
2286,2018-07-26,71.59
2287,2018-07-27,68.66
2288,2018-07-30,71.19
2289,2018-07-31,69.88
2290,2018-08-01,68.8
2291,2018-08-02,68.95
2292,2018-08-03,68.49
2293,2018-08-06,69.01
2294,2018-08-07,69.17
2295,2018-08-08,66.92
2296,2018-08-09,66.81
2297,2018-08-10,67.61
2298,2018-08-13,67.25
2299,2018-08-14,67.04
2300,2018-08-15,65.07
2301,2018-08-16,65.44
2302,2018-08-17,65.93
2303,2018-08-20,66.5
2304,2018-08-21,67.32
2305,2018-08-22,67.85
2306,2018-08-23,69.13
2307,2018-08-24,69.71
2308,2018-08-27,69.97
2309,2018-08-28,68.54
2310,2018-08-29,69.68
2311,2018-08-30,70.25
2312,2018-08-31,69.84
2313,2018-09-04,69.82
2314,2018-09-05,68.69
2315,2018-09-06,67.81
2316,2018-09-07,67.73
2317,2018-09-10,67.55
2318,2018-09-11,69.29
2319,2018-09-12,70.37
2320,2018-09-13,68.6
2321,2018-09-14,68.98
2322,2018-09-17,68.86
2323,2018-09-18,69.87
2324,2018-09-19,71.08
2325,2018-09-20,70.77
2326,2018-09-21,70.8
2327,2018-09-24,73.23
2328,2018-09-25,73.4
2329,2018-09-26,72.22
2330,2018-09-27,72.18
2331,2018-09-28,73.16
2332,2018-10-01,75.37
2333,2018-10-02,75.16
2334,2018-10-03,76.4
2335,2018-10-04,74.44
2336,2018-10-05,74.26
2337,2018-10-08,74.27
2338,2018-10-09,74.95
2339,2018-10-10,73.18
2340,2018-10-11,70.97
2341,2018-10-12,71.41
2342,2018-10-15,71.84
2343,2018-10-16,71.93
2344,2018-10-17,69.63
2345,2018-10-18,68.63
2346,2018-10-19,69.16
2347,2018-10-22,69.25
2348,2018-10-23,66.49
2349,2018-10-24,66.56
2350,2018-10-25,67.25
2351,2018-10-26,67.58
2352,2018-10-29,67.0
2353,2018-10-30,66.18
2354,2018-10-31,65.31
2355,2018-11-01,63.67
2356,2018-11-02,63.12
2357,2018-11-05,63.12
2358,2018-11-06,62.16
2359,2018-11-07,61.69
2360,2018-11-08,60.71
2361,2018-11-09,60.19
2362,2018-11-12,59.85
2363,2018-11-13,55.63
2364,2018-11-14,56.16
2365,2018-11-15,56.45
2366,2018-11-16,56.49
2367,2018-11-19,57.16
2368,2018-11-20,53.39
2369,2018-11-21,54.41
2370,2018-11-26,51.46
2371,2018-11-27,51.31
2372,2018-11-28,50.06
2373,2018-11-29,51.46
2374,2018-11-30,50.78
2375,2018-12-03,52.98
2376,2018-12-04,53.21
2377,2018-12-05,52.64
2378,2018-12-06,51.54
2379,2018-12-07,52.76
2380,2018-12-10,51.07
2381,2018-12-11,51.65
2382,2018-12-12,51.04
2383,2018-12-13,52.69
2384,2018-12-14,51.26
2385,2018-12-17,49.8
2386,2018-12-18,46.12
2387,2018-12-19,47.96
2388,2018-12-20,45.64
2389,2018-12-21,45.38
2390,2018-12-26,46.04
2391,2018-12-27,44.48
2392,2018-12-28,45.15
2393,2019-01-02,46.31
2394,2019-01-03,46.92
2395,2019-01-04,47.76
2396,2019-01-07,48.27
2397,2019-01-08,49.58
2398,2019-01-09,52.19
2399,2019-01-10,52.42
2400,2019-01-11,51.44
2401,2019-01-14,50.31
2402,2019-01-15,51.8
2403,2019-01-16,52.08
2404,2019-01-17,51.83
2405,2019-01-18,53.6
2406,2019-01-22,52.59
2407,2019-01-23,52.44
2408,2019-01-24,52.94
2409,2019-01-25,53.53
2410,2019-01-28,51.79
2411,2019-01-29,53.07
2412,2019-01-30,54.18
2413,2019-01-31,53.84
2414,2019-02-01,55.29
2415,2019-02-04,54.57
2416,2019-02-05,53.69
2417,2019-02-06,53.94
2418,2019-02-07,52.68
2419,2019-02-08,52.75
2420,2019-02-11,52.43
2421,2019-02-12,53.14
2422,2019-02-13,53.84
2423,2019-02-14,54.4
2424,2019-02-15,55.58
2425,2019-02-19,56.12
2426,2019-02-20,56.9
2427,2019-02-21,56.95
2428,2019-02-22,57.01
2429,2019-02-25,55.32
2430,2019-02-26,55.4
2431,2019-02-27,56.92
2432,2019-02-28,57.21
2433,2019-03-01,55.76
2434,2019-03-04,56.6
2435,2019-03-05,56.55
2436,2019-03-06,56.22
2437,2019-03-07,56.6
2438,2019-03-08,55.77
2439,2019-03-11,56.79
2440,2019-03-12,56.89
2441,2019-03-13,58.27
2442,2019-03-14,58.59
2443,2019-03-15,58.51
2444,2019-03-18,59.09
2445,2019-03-19,59.12
2446,2019-03-20,60.12
2447,2019-03-21,59.98
2448,2019-03-22,58.87
2449,2019-03-25,58.71
2450,2019-03-26,59.87
2451,2019-03-27,59.39
2452,2019-03-28,59.29
2453,2019-03-29,60.19
2454,2019-04-01,61.59
2455,2019-04-02,62.53
2456,2019-04-03,62.46
2457,2019-04-04,62.12
2458,2019-04-05,63.1
2459,2019-04-08,64.37
2460,2019-04-09,64.05
2461,2019-04-10,64.62
2462,2019-04-11,63.61
2463,2019-04-12,63.86
2464,2019-04-15,63.43
2465,2019-04-16,64.01
2466,2019-04-17,63.74
2467,2019-04-18,64.02
2468,2019-04-22,65.66
2469,2019-04-23,66.24
2470,2019-04-24,65.96
2471,2019-04-25,65.23
2472,2019-04-26,63.29
2473,2019-04-29,63.39
2474,2019-04-30,63.83
2475,2019-05-01,63.55
2476,2019-05-02,61.75
2477,2019-05-03,61.98
2478,2019-05-06,62.3
2479,2019-05-07,61.41
2480,2019-05-08,62.13
2481,2019-05-09,61.58
2482,2019-05-10,61.65
2483,2019-05-13,60.97
2484,2019-05-14,61.82
2485,2019-05-15,62.03
2486,2019-05-16,62.93
2487,2019-05-17,62.77
2488,2019-05-20,63.12
2489,2019-05-21,63.02
2490,2019-05-22,61.42
2491,2019-05-23,57.65
2492,2019-05-24,58.4
2493,2019-05-28,58.91
2494,2019-05-29,58.84
2495,2019-05-30,56.47
2496,2019-05-31,53.49
2497,2019-06-03,53.25
2498,2019-06-04,53.5
2499,2019-06-05,51.57
2500,2019-06-06,52.59
2501,2019-06-07,53.95
2502,2019-06-10,53.33
2503,2019-06-11,53.3
2504,2019-06-12,51.13
2505,2019-06-13,52.38
2506,2019-06-14,52.47
2507,2019-06-17,51.94
2508,2019-06-18,53.86
2509,2019-06-19,53.74
2510,2019-06-20,56.88
2511,2019-06-21,57.35
2512,2019-06-24,57.73
2513,2019-06-25,57.63
2514,2019-06-26,59.17
2515,2019-06-27,59.18
2516,2019-06-28,58.2
2517,2019-07-01,58.91
2518,2019-07-02,56.0
2519,2019-07-03,57.06
2520,2019-07-08,57.35
2521,2019-07-09,57.57
2522,2019-07-10,60.28
2523,2019-07-11,59.93
2524,2019-07-12,59.99
2525,2019-07-15,59.3
2526,2019-07-16,57.44
2527,2019-07-17,56.5
2528,2019-07-18,55.08
2529,2019-07-19,55.42
2530,2019-07-22,55.87
2531,2019-07-23,56.58
2532,2019-07-24,55.9
2533,2019-07-25,55.88
2534,2019-07-26,56.04
2535,2019-07-29,56.85
2536,2019-07-30,58.04
2537,2019-07-31,58.53
2538,2019-08-01,53.64
2539,2019-08-02,55.67
2540,2019-08-05,54.63
2541,2019-08-06,53.6
2542,2019-08-07,51.14
2543,2019-08-08,52.6
2544,2019-08-09,54.41
2545,2019-08-12,54.98
2546,2019-08-13,57.05
2547,2019-08-14,55.16
2548,2019-08-15,54.51
2549,2019-08-16,54.83
2550,2019-08-19,56.24
2551,2019-08-20,56.18
2552,2019-08-21,55.65
2553,2019-08-22,55.33
2554,2019-08-23,54.08
2555,2019-08-26,53.54
2556,2019-08-27,54.99
2557,2019-08-28,55.76
2558,2019-08-29,56.67
2559,2019-08-30,55.07
2560,2019-09-03,53.91
2561,2019-09-04,56.22
2562,2019-09-05,56.33
2563,2019-09-06,56.45
2564,2019-09-09,57.88
2565,2019-09-10,57.37
2566,2019-09-11,55.66
2567,2019-09-12,55.13
2568,2019-09-13,54.76
2569,2019-09-16,63.1
2570,2019-09-17,59.26
2571,2019-09-18,58.19
2572,2019-09-19,58.19
2573,2019-09-20,57.92
2574,2019-09-23,58.69
2575,2019-09-24,57.22
2576,2019-09-25,56.38
2577,2019-09-26,56.24
2578,2019-09-27,55.95
2579,2019-09-30,54.09
2580,2019-10-01,53.6
2581,2019-10-02,52.67
2582,2019-10-03,52.41
2583,2019-10-04,52.84
2584,2019-10-07,52.76
2585,2019-10-08,52.64
2586,2019-10-09,52.63
2587,2019-10-10,53.57
2588,2019-10-11,54.76
2589,2019-10-14,53.57
2590,2019-10-15,52.81
2591,2019-10-16,53.42
2592,2019-10-17,53.89
2593,2019-10-18,53.75
2594,2019-10-21,53.28
2595,2019-10-22,54.21
2596,2019-10-23,55.9
2597,2019-10-24,56.11
2598,2019-10-25,56.52
2599,2019-10-28,55.6
2600,2019-10-29,55.34
2601,2019-10-30,54.85
2602,2019-10-31,54.02
2603,2019-11-01,56.04
2604,2019-11-04,56.33
2605,2019-11-05,57.04
2606,2019-11-06,56.15
2607,2019-11-07,56.91
2608,2019-11-08,57.02
2609,2019-11-12,56.67
2610,2019-11-13,56.88
2611,2019-11-14,56.57
2612,2019-11-15,57.54
2613,2019-11-18,56.82
2614,2019-11-19,54.93
2615,2019-11-20,56.71
2616,2019-11-21,58.36
2617,2019-11-22,57.68
2618,2019-11-25,57.79
2619,2019-11-26,58.25
2620,2019-11-27,58.12
2621,2019-11-29,58.12
2622,2019-12-02,55.97
2623,2019-12-03,56.15
2624,2019-12-04,58.46
2625,2019-12-05,58.42
2626,2019-12-06,59.2
2627,2019-12-09,58.99
2628,2019-12-10,59.22
2629,2019-12-11,58.74
2630,2019-12-12,59.18
2631,2019-12-13,60.11
2632,2019-12-16,60.21
2633,2019-12-17,60.88
2634,2019-12-18,60.93
2635,2019-12-19,61.3
2636,2019-12-20,60.43
2637,2019-12-23,60.51
2638,2019-12-24,61.17
2639,2019-12-26,61.72
2640,2019-12-27,61.76
2641,2019-12-30,61.66
2642,2019-12-31,61.14
2643,2020-01-02,61.17
2644,2020-01-03,63.0
2645,2020-01-06,63.27
2646,2020-01-07,62.7
2647,2020-01-08,59.65
2648,2020-01-09,59.56
2649,2020-01-10,59.02
2650,2020-01-13,58.17
2651,2020-01-14,58.34
2652,2020-01-15,57.86
2653,2020-01-16,58.52
2654,2020-01-17,58.55
2655,2020-01-21,58.25
2656,2020-01-22,56.76
2657,2020-01-23,55.51
2658,2020-01-24,54.09
2659,2020-01-27,53.09
2660,2020-01-28,53.33
2661,2020-01-29,53.29
2662,2020-01-30,52.19
2663,2020-01-31,51.58
2664,2020-02-03,50.06
2665,2020-02-04,49.59
2666,2020-02-05,50.87
2667,2020-02-06,50.94
2668,2020-02-07,50.34
2669,2020-02-10,49.59
2670,2020-02-11,50.0
2671,2020-02-12,51.13
2672,2020-02-13,51.41
2673,2020-02-14,52.03
2674,2020-02-18,52.1
2675,2020-02-19,53.31
2676,2020-02-20,53.77
2677,2020-02-21,53.36
2678,2020-02-24,51.43
2679,2020-02-25,49.9
2680,2020-02-26,48.73
2681,2020-02-27,47.09
2682,2020-02-28,44.76
2683,2020-03-02,46.75
2684,2020-03-03,47.18
2685,2020-03-04,46.78
2686,2020-03-05,45.9
2687,2020-03-06,41.28
2688,2020-03-09,31.13
2689,2020-03-10,34.36
2690,2020-03-11,32.98
2691,2020-03-12,31.5
2692,2020-03-13,31.73
2693,2020-03-16,28.7
2694,2020-03-17,27.026
2695,2020-03-18,20.554000000000002
2696,2020-03-19,25.634
2697,2020-03-20,22.59
2698,2020-03-23,23.36
2699,2020-03-24,24.01
2700,2020-03-25,24.49
2701,2020-03-26,22.6
2702,2020-03-27,21.51
2703,2020-03-30,20.09
2704,2020-03-31,20.48
2705,2020-04-01,20.31
2706,2020-04-02,25.32
2707,2020-04-03,28.34
2708,2020-04-06,26.08
2709,2020-04-07,23.63
2710,2020-04-08,25.09
2711,2020-04-09,22.76
2712,2020-04-13,22.41
2713,2020-04-14,20.11
2714,2020-04-15,19.87
2715,2020-04-16,21.002
2716,2020-04-17,20.974
2717,2020-04-21,11.258
2718,2020-04-22,13.78
2719,2020-04-23,16.5
2720,2020-04-24,16.94
2721,2020-04-27,12.78
2722,2020-04-28,12.34
2723,2020-04-29,15.06
2724,2020-04-30,18.84
2725,2020-05-01,19.78
2726,2020-05-04,20.39
2727,2020-05-05,24.56
2728,2020-05-06,23.99
2729,2020-05-07,23.55
2730,2020-05-08,24.74
2731,2020-05-11,24.14
2732,2020-05-12,25.78
2733,2020-05-13,25.29
2734,2020-05-14,27.624000000000002
2735,2020-05-15,29.465999999999998
2736,2020-05-18,31.718000000000004
2737,2020-05-19,32.068000000000005
2738,2020-05-20,33.49
2739,2020-05-21,33.92
2740,2020-05-22,33.25
2741,2020-05-26,34.35
2742,2020-05-27,32.81
2743,2020-05-28,33.71
2744,2020-05-29,35.49
2745,2020-06-01,35.44
2746,2020-06-02,36.81
2747,2020-06-03,37.29
2748,2020-06-04,37.41
2749,2020-06-05,39.55
2750,2020-06-08,38.19
2751,2020-06-09,38.94
2752,2020-06-10,39.6
2753,2020-06-11,36.34
2754,2020-06-12,36.26
2755,2020-06-15,37.12
2756,2020-06-16,38.38
2757,2020-06-17,38.01
2758,2020-06-18,38.924
2759,2020-06-19,39.798
2760,2020-06-22,40.676
2761,2020-06-23,40.37
2762,2020-06-24,38.01
2763,2020-06-25,38.72
2764,2020-06-26,38.49
2765,2020-06-29,39.7
2766,2020-06-30,39.27
2767,2020-07-01,39.82
2768,2020-07-02,40.65
2769,2020-07-06,40.63
2770,2020-07-07,40.62
2771,2020-07-08,40.9
2772,2020-07-09,39.62
2773,2020-07-10,40.55
2774,2020-07-13,40.1
2775,2020-07-14,40.29
2776,2020-07-15,41.2
2777,2020-07-16,40.786
2778,2020-07-17,40.654
2779,2020-07-20,40.876
2780,2020-07-21,41.928000000000004
2781,2020-07-22,41.9
2782,2020-07-23,41.07
2783,2020-07-24,41.29
2784,2020-07-27,41.6
2785,2020-07-28,41.04
2786,2020-07-29,41.27
2787,2020-07-30,39.92
2788,2020-07-31,40.27
2789,2020-08-03,41.01
2790,2020-08-04,41.7
2791,2020-08-05,42.19
2792,2020-08-06,41.95
2793,2020-08-07,41.22
2794,2020-08-10,41.94
2795,2020-08-11,41.61
2796,2020-08-12,42.67
2797,2020-08-13,42.24
2798,2020-08-14,42.01
2799,2020-08-17,42.946000000000005
2800,2020-08-18,42.982
2801,2020-08-19,43.038000000000004
2802,2020-08-20,42.772
2803,2020-08-21,42.34
2804,2020-08-24,42.62
2805,2020-08-25,43.35
2806,2020-08-26,43.39
2807,2020-08-27,43.04
2808,2020-08-28,42.97
2809,2020-08-31,42.61
2810,2020-09-01,42.76
2811,2020-09-02,41.51
2812,2020-09-03,41.37
2813,2020-09-04,39.77
2814,2020-09-08,36.76
2815,2020-09-09,38.05
2816,2020-09-10,37.3
2817,2020-09-11,37.33
2818,2020-09-14,37.26
2819,2020-09-15,38.28
2820,2020-09-16,40.16
2821,2020-09-17,41.02
2822,2020-09-18,41.193999999999996
2823,2020-09-21,39.448
2824,2020-09-22,39.76
2825,2020-09-23,39.93
2826,2020-09-24,40.31
2827,2020-09-25,40.25
2828,2020-09-28,40.6
2829,2020-09-29,39.29
2830,2020-09-30,40.22
2831,2020-10-01,38.72
2832,2020-10-02,37.05
2833,2020-10-05,39.22
2834,2020-10-06,40.67
2835,2020-10-07,39.95
2836,2020-10-08,41.19
2837,2020-10-09,40.6
2838,2020-10-12,39.43
2839,2020-10-13,40.2
2840,2020-10-14,41.04
2841,2020-10-15,41.016000000000005
2842,2020-10-16,40.976000000000006
2843,2020-10-19,40.968
2844,2020-10-20,41.652
2845,2020-10-21,40.03
2846,2020-10-22,40.64
2847,2020-10-23,39.85
2848,2020-10-26,38.56
2849,2020-10-27,39.57
2850,2020-10-28,37.39
2851,2020-10-29,36.17
2852,2020-10-30,35.79
2853,2020-11-02,36.81
2854,2020-11-03,37.66
2855,2020-11-04,39.15
2856,2020-11-05,38.79
2857,2020-11-06,37.14
2858,2020-11-09,40.29
2859,2020-11-10,41.36
2860,2020-11-11,41.45
2861,2020-11-12,41.12
2862,2020-11-13,40.13
2863,2020-11-16,41.34
2864,2020-11-17,41.474
2865,2020-11-18,41.896
2866,2020-11-19,41.836000000000006
2867,2020-11-20,42.36600000000001
2868,2020-11-23,43.06
2869,2020-11-24,44.91
2870,2020-11-25,45.71
2871,2020-11-27,45.53
2872,2020-11-30,45.34
2873,2020-12-01,44.55
2874,2020-12-02,45.28
2875,2020-12-03,45.64
2876,2020-12-04,46.26
2877,2020-12-07,45.76
2878,2020-12-08,45.6
2879,2020-12-09,45.52
2880,2020-12-10,46.78
2881,2020-12-11,46.57
2882,2020-12-14,46.99
2883,2020-12-15,47.62
2884,2020-12-16,47.856
2885,2020-12-17,48.431999999999995
2886,2020-12-18,49.184
2887,2020-12-21,47.924
2888,2020-12-22,47.02
2889,2020-12-23,48.12
2890,2020-12-24,48.23
2891,2020-12-28,47.62
2892,2020-12-29,48.0
2893,2020-12-30,48.4
2894,2020-12-31,48.52
2895,2021-01-04,47.62
2896,2021-01-05,49.93
2897,2021-01-06,50.63
2898,2021-01-07,50.83
2899,2021-01-08,52.24
2900,2021-01-11,52.25
2901,2021-01-12,53.21
2902,2021-01-13,52.91
2903,2021-01-14,53.58
2904,2021-01-15,52.38399999999999
2905,2021-01-19,52.98
2906,2021-01-20,53.29600000000001
2907,2021-01-21,53.13
2908,2021-01-22,52.27
2909,2021-01-25,52.77
2910,2021-01-26,52.61
2911,2021-01-27,52.85
2912,2021-01-28,52.34
2913,2021-01-29,52.2
2914,2021-02-01,53.55
2915,2021-02-02,54.76
2916,2021-02-03,55.69
2917,2021-02-04,56.23
2918,2021-02-05,56.85
2919,2021-02-08,57.97
2920,2021-02-09,58.36
2921,2021-02-10,58.68
2922,2021-02-11,58.24
2923,2021-02-12,59.47
2924,2021-02-16,60.05
2925,2021-02-17,61.144
2926,2021-02-18,60.523999999999994
2927,2021-02-19,59.251999999999995
2928,2021-02-22,61.658
2929,2021-02-23,61.67
2930,2021-02-24,63.22
2931,2021-02-25,63.53
2932,2021-02-26,61.5
2933,2021-03-01,60.64
2934,2021-03-02,59.75
2935,2021-03-03,61.28
2936,2021-03-04,63.83
2937,2021-03-05,66.09
2938,2021-03-08,65.05
2939,2021-03-09,64.01
2940,2021-03-10,64.44
2941,2021-03-11,66.02
2942,2021-03-12,65.61
2943,2021-03-15,65.39
2944,2021-03-16,64.8
2945,2021-03-17,64.60600000000001
2946,2021-03-18,60.023999999999994
2947,2021-03-19,61.431999999999995
2948,2021-03-22,61.558
2949,2021-03-23,57.76
2950,2021-03-24,61.18
2951,2021-03-25,58.56
2952,2021-03-26,60.97
2953,2021-03-29,61.56
2954,2021-03-30,60.55
2955,2021-03-31,59.16
2956,2021-04-01,61.45
2957,2021-04-05,58.65
2958,2021-04-06,59.33
2959,2021-04-07,59.77
2960,2021-04-08,59.6
2961,2021-04-09,59.32
2962,2021-04-12,59.7
2963,2021-04-13,60.18
2964,2021-04-14,63.15
2965,2021-04-15,63.47
2966,2021-04-16,63.153999999999996
2967,2021-04-19,63.41
2968,2021-04-20,62.623999999999995
2969,2021-04-21,61.35
2970,2021-04-22,61.43
2971,2021-04-23,62.14
2972,2021-04-26,61.91
2973,2021-04-27,62.94
2974,2021-04-28,63.86
2975,2021-04-29,65.01
2976,2021-04-30,63.58
2977,2021-05-03,64.49
2978,2021-05-04,65.69
2979,2021-05-05,65.63
2980,2021-05-06,64.71
2981,2021-05-07,64.9
2982,2021-05-10,64.92
2983,2021-05-11,65.28
2984,2021-05-12,66.08
2985,2021-05-13,63.82
2986,2021-05-14,65.37
2987,2021-05-17,66.27199999999999
2988,2021-05-18,65.494
2989,2021-05-19,63.354
2990,2021-05-20,61.961999999999996
2991,2021-05-21,63.58
2992,2021-05-24,66.05
2993,2021-05-25,66.07
2994,2021-05-26,66.21
2995,2021-05-27,66.85
2996,2021-05-28,66.32
2997,2021-06-01,67.72
2998,2021-06-02,68.83
2999,2021-06-03,68.81
3000,2021-06-04,69.62
3001,2021-06-07,69.23
3002,2021-06-08,70.05
3003,2021-06-09,69.96
3004,2021-06-10,70.29
3005,2021-06-11,70.91
3006,2021-06-14,70.88
3007,2021-06-15,72.12
3008,2021-06-16,72.15
3009,2021-06-17,70.988
3010,2021-06-18,71.5
3011,2021-06-21,73.336
3012,2021-06-22,72.892
3013,2021-06-23,73.08
3014,2021-06-24,73.3
3015,2021-06-25,74.05
3016,2021-06-28,72.91
3017,2021-06-29,72.98
3018,2021-06-30,73.47
3019,2021-07-01,75.23
3020,2021-07-02,75.16
3021,2021-07-05,75.16
3022,2021-07-06,73.37
3023,2021-07-07,72.2
3024,2021-07-08,72.94
3025,2021-07-09,74.56
3026,2021-07-12,74.1
3027,2021-07-13,75.25
3028,2021-07-14,73.13
3029,2021-07-15,71.596
3030,2021-07-16,71.71
3031,2021-07-19,66.378
3032,2021-07-20,67.244
3033,2021-07-21,70.3
3034,2021-07-22,71.91
3035,2021-07-23,72.07
3036,2021-07-26,71.91
3037,2021-07-27,71.65
3038,2021-07-28,72.39
3039,2021-07-29,73.62
3040,2021-07-30,73.95
3041,2021-08-02,71.26
3042,2021-08-03,70.56
3043,2021-08-04,68.15
3044,2021-08-05,69.09
3045,2021-08-06,68.28
3046,2021-08-09,66.48
3047,2021-08-10,68.29
3048,2021-08-11,69.25
3049,2021-08-12,69.09
3050,2021-08-13,68.44
3051,2021-08-16,67.29
3052,2021-08-17,66.54
3053,2021-08-18,65.36
3054,2021-08-19,63.576
3055,2021-08-20,62.176
3056,2021-08-23,65.64
3057,2021-08-24,67.54
3058,2021-08-25,68.36
3059,2021-08-26,67.42
3060,2021-08-27,68.74
3061,2021-08-30,69.21
3062,2021-08-31,68.5
3063,2021-09-01,68.59
3064,2021-09-02,69.99
3065,2021-09-03,69.29
3066,2021-09-06,69.29
3067,2021-09-07,68.35
3068,2021-09-08,69.3
3069,2021-09-09,68.14
3070,2021-09-10,69.72
3071,2021-09-13,70.45
3072,2021-09-14,70.46
3073,2021-09-15,72.61
3074,2021-09-16,72.562
3075,2021-09-17,71.91
3076,2021-09-20,70.2
3077,2021-09-21,70.50399999999999
3078,2021-09-22,72.23
3079,2021-09-23,73.3
3080,2021-09-24,73.98
3081,2021-09-27,75.45
3082,2021-09-28,75.29
3083,2021-09-29,74.83
3084,2021-09-30,75.03
3085,2021-10-01,75.88
3086,2021-10-04,77.62
3087,2021-10-05,78.93
3088,2021-10-06,77.43
3089,2021-10-07,78.3
3090,2021-10-08,79.35
3091,2021-10-11,80.52
3092,2021-10-12,80.64
3093,2021-10-13,80.44
3094,2021-10-14,81.31
3095,2021-10-15,82.17
3096,2021-10-18,82.14
3097,2021-10-19,82.648
3098,2021-10-20,83.51
3099,2021-10-21,82.5
3100,2021-10-22,83.76
3101,2021-10-25,83.76
3102,2021-10-26,84.65
3103,2021-10-27,82.66
3104,2021-10-28,82.81
3105,2021-10-29,83.57
3106,2021-11-01,84.05
3107,2021-11-02,83.91
3108,2021-11-03,80.86
3109,2021-11-04,78.81
3110,2021-11-05,81.27
3111,2021-11-08,81.93
3112,2021-11-09,84.15
3113,2021-11-10,81.34
3114,2021-11-11,81.59
3115,2021-11-12,80.79
3116,2021-11-15,80.88
3117,2021-11-16,80.556
3118,2021-11-17,78.036
3119,2021-11-18,78.65
3120,2021-11-19,75.972
3121,2021-11-22,76.75
3122,2021-11-23,78.5
3123,2021-11-24,78.39
3124,2021-11-26,68.15
3125,2021-11-29,69.95
3126,2021-11-30,66.18
3127,2021-12-01,65.57
3128,2021-12-02,66.5
3129,2021-12-03,66.26
3130,2021-12-06,69.49
3131,2021-12-07,72.05
3132,2021-12-08,72.36
3133,2021-12-09,70.94
3134,2021-12-10,71.67
3135,2021-12-13,71.29
3136,2021-12-14,70.73
3137,2021-12-15,70.828
3138,2021-12-16,72.288
3139,2021-12-17,70.77600000000001
3140,2021-12-20,68.53399999999999
3141,2021-12-21,71.12
3142,2021-12-22,72.76
3143,2021-12-23,73.79
3144,2021-12-24,73.79
3145,2021-12-26,73.79
3146,2021-12-27,75.57
3147,2021-12-28,75.98
3148,2021-12-29,76.56
3149,2021-12-30,76.99
3150,2021-12-31,75.21
3151,2022-01-03,76.08
3152,2022-01-04,76.99
3153,2022-01-05,77.85
3154,2022-01-06,79.46
3155,2022-01-07,78.9
3156,2022-01-10,78.23
3157,2022-01-11,81.22
3158,2022-01-12,82.64
3159,2022-01-13,82.12
3160,2022-01-14,83.71600000000001
3161,2022-01-18,85.19
3162,2022-01-19,86.264
3163,2022-01-20,85.82
3164,2022-01-21,85.14
3165,2022-01-24,83.31
3166,2022-01-25,85.6
3167,2022-01-26,87.35
3168,2022-01-27,86.61
3169,2022-01-28,86.82
3170,2022-01-31,88.15
3171,2022-02-01,88.2
3172,2022-02-02,88.26
3173,2022-02-03,90.27
3174,2022-02-04,92.31
3175,2022-02-07,91.32
3176,2022-02-08,89.36
3177,2022-02-09,89.66
3178,2022-02-10,89.88
3179,2022-02-11,93.1
3180,2022-02-14,95.46
3181,2022-02-15,92.07
3182,2022-02-16,93.66
3183,2022-02-17,91.416
3184,2022-02-18,90.726
3185,2022-02-21,90.554
3186,2022-02-22,91.99799999999999
3187,2022-02-23,92.1
3188,2022-02-24,92.81
3189,2022-02-25,91.59
3190,2022-02-28,95.72
3191,2022-03-01,103.41
3192,2022-03-02,110.6
3193,2022-03-03,107.67
3194,2022-03-04,115.68
3195,2022-03-07,119.4
3196,2022-03-08,123.7
3197,2022-03-09,108.7
3198,2022-03-10,106.02
3199,2022-03-11,109.33
3200,2022-03-14,103.01
3201,2022-03-15,96.44
3202,2022-03-16,95.04
3203,2022-03-17,102.714
3204,2022-03-18,104.056
3205,2022-03-21,110.83
3206,2022-03-22,109.76799999999999
3207,2022-03-23,114.93
3208,2022-03-24,112.34
3209,2022-03-25,113.9
3210,2022-03-28,105.96
3211,2022-03-29,104.24
3212,2022-03-30,107.82
3213,2022-03-31,100.28
3214,2022-04-01,99.27
3215,2022-04-04,103.28
3216,2022-04-05,101.96
3217,2022-04-06,96.23
3218,2022-04-07,96.03
3219,2022-04-08,98.26
3220,2022-04-11,94.29
3221,2022-04-12,100.6
3222,2022-04-13,104.25
3223,2022-04-14,106.836
3224,2022-04-15,106.95
3225,2022-04-18,107.97
3226,2022-04-19,102.25399999999999
3227,2022-04-20,102.302
3228,2022-04-21,103.79
3229,2022-04-22,102.07
3230,2022-04-25,98.54
3231,2022-04-26,101.7
3232,2022-04-27,102.02
3233,2022-04-28,105.36
3234,2022-04-29,104.69
3235,2022-05-02,105.17
3236,2022-05-03,102.41
3237,2022-05-04,107.81
3238,2022-05-05,108.26
3239,2022-05-06,109.77
3240,2022-05-09,103.09
3241,2022-05-10,99.76
3242,2022-05-11,105.71
3243,2022-05-12,106.13
3244,2022-05-13,110.49
3245,2022-05-16,114.2
3246,2022-05-17,111.846
3247,2022-05-18,108.57
3248,2022-05-19,110.818
3249,2022-05-20,110.87
3250,2022-05-23,110.29
3251,2022-05-24,109.77
3252,2022-05-25,110.33
3253,2022-05-26,114.09
3254,2022-05-27,115.07
3255,2022-05-31,114.67
3256,2022-06-01,115.26
3257,2022-06-02,116.87
3258,2022-06-03,118.87
3259,2022-06-06,118.5
3260,2022-06-07,119.41
3261,2022-06-08,122.11
3262,2022-06-09,121.51
3263,2022-06-10,120.67
3264,2022-06-13,120.93
3265,2022-06-14,118.93
3266,2022-06-15,115.31
3267,2022-06-16,117.12200000000001
3268,2022-06-17,108.932
3269,2022-06-20,108.618
3270,2022-06-21,109.74600000000001
3271,2022-06-22,106.19
3272,2022-06-23,104.27
3273,2022-06-24,107.62
